[{"model": "admin.logentry", "pk": 1, "fields": {"action_time": "2021-07-24T07:54:40.827Z", "user": 1, "content_type": 8, "object_id": "6", "object_repr": "IssueBook object (6)", "action_flag": 3, "change_message": ""}}, {"model": "admin.logentry", "pk": 2, "fields": {"action_time": "2021-07-24T07:54:40.839Z", "user": 1, "content_type": 8, "object_id": "5", "object_repr": "IssueBook object (5)", "action_flag": 3, "change_message": ""}}, {"model": "admin.logentry", "pk": 3, "fields": {"action_time": "2021-07-24T07:54:40.859Z", "user": 1, "content_type": 8, "object_id": "4", "object_repr": "IssueBook object (4)", "action_flag": 3, "change_message": ""}}, {"model": "admin.logentry", "pk": 4, "fields": {"action_time": "2021-07-24T07:54:40.872Z", "user": 1, "content_type": 8, "object_id": "3", "object_repr": "IssueBook object (3)", "action_flag": 3, "change_message": ""}}, {"model": "admin.logentry", "pk": 5, "fields": {"action_time": "2021-07-24T07:54:40.882Z", "user": 1, "content_type": 8, "object_id": "2", "object_repr": "IssueBook object (2)", "action_flag": 3, "change_message": ""}}, {"model": "admin.logentry", "pk": 6, "fields": {"action_time": "2021-07-24T08:06:42.759Z", "user": 1, "content_type": 8, "object_id": "11", "object_repr": "IssueBook object (11)", "action_flag": 3, "change_message": ""}}, {"model": "admin.logentry", "pk": 7, "fields": {"action_time": "2021-07-24T08:06:42.774Z", "user": 1, "content_type": 8, "object_id": "10", "object_repr": "IssueBook object (10)", "action_flag": 3, "change_message": ""}}, {"model": "admin.logentry", "pk": 8, "fields": {"action_time": "2021-07-24T08:06:42.784Z", "user": 1, "content_type": 8, "object_id": "9", "object_repr": "IssueBook object (9)", "action_flag": 3, "change_message": ""}}, {"model": "admin.logentry", "pk": 9, "fields": {"action_time": "2021-07-24T08:06:42.793Z", "user": 1, "content_type": 8, "object_id": "8", "object_repr": "IssueBook object (8)", "action_flag": 3, "change_message": ""}}, {"model": "admin.logentry", "pk": 10, "fields": {"action_time": "2021-07-24T08:06:42.803Z", "user": 1, "content_type": 8, "object_id": "7", "object_repr": "IssueBook object (7)", "action_flag": 3, "change_message": ""}}, {"model": "admin.logentry", "pk": 11, "fields": {"action_time": "2021-07-28T07:17:18.422Z", "user": 1, "content_type": 8, "object_id": "20", "object_repr": "EN18CS301110", "action_flag": 3, "change_message": ""}}, {"model": "admin.logentry", "pk": 12, "fields": {"action_time": "2021-07-28T07:17:18.431Z", "user": 1, "content_type": 8, "object_id": "19", "object_repr": "EN18CS301110", "action_flag": 3, "change_message": ""}}, {"model": "admin.logentry", "pk": 13, "fields": {"action_time": "2021-07-28T07:17:18.436Z", "user": 1, "content_type": 8, "object_id": "18", "object_repr": "EN16CS301110", "action_flag": 3, "change_message": ""}}, {"model": "admin.logentry", "pk": 14, "fields": {"action_time": "2021-07-28T07:17:18.440Z", "user": 1, "content_type": 8, "object_id": "17", "object_repr": "EN18CS301111", "action_flag": 3, "change_message": ""}}, {"model": "admin.logentry", "pk": 15, "fields": {"action_time": "2021-07-28T07:17:18.444Z", "user": 1, "content_type": 8, "object_id": "16", "object_repr": "EN18CS301115", "action_flag": 3, "change_message": ""}}, {"model": "admin.logentry", "pk": 16, "fields": {"action_time": "2021-07-28T07:17:18.448Z", "user": 1, "content_type": 8, "object_id": "15", "object_repr": "EN18CS301112", "action_flag": 3, "change_message": ""}}, {"model": "admin.logentry", "pk": 17, "fields": {"action_time": "2021-07-28T07:17:18.452Z", "user": 1, "content_type": 8, "object_id": "14", "object_repr": "EN18CS301112", "action_flag": 3, "change_message": ""}}, {"model": "admin.logentry", "pk": 18, "fields": {"action_time": "2021-07-28T07:17:18.457Z", "user": 1, "content_type": 8, "object_id": "13", "object_repr": "EN18CS301112", "action_flag": 3, "change_message": ""}}, {"model": "admin.logentry", "pk": 19, "fields": {"action_time": "2021-07-28T07:17:18.461Z", "user": 1, "content_type": 8, "object_id": "12", "object_repr": "EN18CS301110", "action_flag": 3, "change_message": ""}}, {"model": "admin.logentry", "pk": 20, "fields": {"action_time": "2021-07-28T07:17:18.465Z", "user": 1, "content_type": 8, "object_id": "1", "object_repr": "EN18CS301110", "action_flag": 3, "change_message": ""}}, {"model": "admin.logentry", "pk": 21, "fields": {"action_time": "2021-07-28T07:17:40.017Z", "user": 1, "content_type": 10, "object_id": "6", "object_repr": "ReturnBook object (6)", "action_flag": 3, "change_message": ""}}, {"model": "admin.logentry", "pk": 22, "fields": {"action_time": "2021-07-28T07:17:40.022Z", "user": 1, "content_type": 10, "object_id": "5", "object_repr": "ReturnBook object (5)", "action_flag": 3, "change_message": ""}}, {"model": "admin.logentry", "pk": 23, "fields": {"action_time": "2021-07-28T07:17:40.025Z", "user": 1, "content_type": 10, "object_id": "4", "object_repr": "ReturnBook object (4)", "action_flag": 3, "change_message": ""}}, {"model": "admin.logentry", "pk": 24, "fields": {"action_time": "2021-07-28T07:17:40.030Z", "user": 1, "content_type": 10, "object_id": "3", "object_repr": "ReturnBook object (3)", "action_flag": 3, "change_message": ""}}, {"model": "admin.logentry", "pk": 25, "fields": {"action_time": "2021-07-28T07:17:40.035Z", "user": 1, "content_type": 10, "object_id": "2", "object_repr": "ReturnBook object (2)", "action_flag": 3, "change_message": ""}}, {"model": "admin.logentry", "pk": 26, "fields": {"action_time": "2021-07-28T07:17:40.039Z", "user": 1, "content_type": 10, "object_id": "1", "object_repr": "ReturnBook object (1)", "action_flag": 3, "change_message": ""}}, {"model": "admin.logentry", "pk": 27, "fields": {"action_time": "2021-07-28T07:18:09.268Z", "user": 1, "content_type": 9, "object_id": "11", "object_repr": "java[BE12345H1]", "action_flag": 3, "change_message": ""}}, {"model": "admin.logentry", "pk": 28, "fields": {"action_time": "2021-07-28T07:18:09.273Z", "user": 1, "content_type": 9, "object_id": "10", "object_repr": "Python [BE12345H]", "action_flag": 3, "change_message": ""}}, {"model": "admin.logentry", "pk": 29, "fields": {"action_time": "2021-07-28T07:29:49.258Z", "user": 1, "content_type": 11, "object_id": "2", "object_repr": "AddStudent object (2)", "action_flag": 3, "change_message": ""}}, {"model": "admin.logentry", "pk": 30, "fields": {"action_time": "2021-07-28T07:29:49.269Z", "user": 1, "content_type": 11, "object_id": "1", "object_repr": "AddStudent object (1)", "action_flag": 3, "change_message": ""}}, {"model": "admin.logentry", "pk": 31, "fields": {"action_time": "2021-07-28T13:25:28.903Z", "user": 1, "content_type": 9, "object_id": "15", "object_repr": "c++[BE12345H3]", "action_flag": 3, "change_message": ""}}, {"model": "admin.logentry", "pk": 32, "fields": {"action_time": "2021-07-28T13:25:28.927Z", "user": 1, "content_type": 9, "object_id": "14", "object_repr": "java[BE12345H2]", "action_flag": 3, "change_message": ""}}, {"model": "admin.logentry", "pk": 33, "fields": {"action_time": "2021-07-28T13:25:28.941Z", "user": 1, "content_type": 9, "object_id": "12", "object_repr": "Python [BE12345H]", "action_flag": 3, "change_message": ""}}, {"model": "admin.logentry", "pk": 34, "fields": {"action_time": "2021-07-28T13:25:47.137Z", "user": 1, "content_type": 11, "object_id": "5", "object_repr": "Isha Negi[EN18CS301104]", "action_flag": 3, "change_message": ""}}, {"model": "admin.logentry", "pk": 35, "fields": {"action_time": "2021-07-28T13:25:47.155Z", "user": 1, "content_type": 11, "object_id": "3", "object_repr": "Ishika Rajawat[EN18CS301110]", "action_flag": 3, "change_message": ""}}, {"model": "admin.logentry", "pk": 36, "fields": {"action_time": "2021-07-28T13:26:02.339Z", "user": 1, "content_type": 8, "object_id": "22", "object_repr": "EN18CS301104", "action_flag": 3, "change_message": ""}}, {"model": "admin.logentry", "pk": 37, "fields": {"action_time": "2021-07-28T13:26:02.361Z", "user": 1, "content_type": 8, "object_id": "21", "object_repr": "EN18CS301110", "action_flag": 3, "change_message": ""}}, {"model": "admin.logentry", "pk": 38, "fields": {"action_time": "2021-07-28T13:26:15.288Z", "user": 1, "content_type": 10, "object_id": "7", "object_repr": "ReturnBook object (7)", "action_flag": 3, "change_message": ""}}, {"model": "admin.logentry", "pk": 39, "fields": {"action_time": "2023-05-24T13:34:34.786Z", "user": 4, "content_type": 3, "object_id": "1", "object_repr": "admin", "action_flag": 1, "change_message": "[{\"added\": {}}]"}}, {"model": "admin.logentry", "pk": 40, "fields": {"action_time": "2023-05-24T13:34:44.696Z", "user": 4, "content_type": 3, "object_id": "2", "object_repr": "staff", "action_flag": 1, "change_message": "[{\"added\": {}}]"}}, {"model": "admin.logentry", "pk": 41, "fields": {"action_time": "2023-05-24T13:39:50.767Z", "user": 4, "content_type": 3, "object_id": "2", "object_repr": "staff", "action_flag": 2, "change_message": "[{\"changed\": {\"fields\": [\"Permissions\"]}}]"}}, {"model": "admin.logentry", "pk": 42, "fields": {"action_time": "2023-05-24T13:40:06.800Z", "user": 4, "content_type": 3, "object_id": "1", "object_repr": "admin", "action_flag": 2, "change_message": "[{\"changed\": {\"fields\": [\"Permissions\"]}}]"}}, {"model": "admin.logentry", "pk": 43, "fields": {"action_time": "2023-05-24T13:41:11.532Z", "user": 4, "content_type": 4, "object_id": "21", "object_repr": "dellax", "action_flag": 1, "change_message": "[{\"added\": {}}]"}}, {"model": "admin.logentry", "pk": 44, "fields": {"action_time": "2023-05-24T13:41:57.466Z", "user": 4, "content_type": 4, "object_id": "21", "object_repr": "dellax", "action_flag": 2, "change_message": "[{\"changed\": {\"fields\": [\"First name\", \"Last name\", \"Email address\", \"Staff status\", \"Groups\"]}}]"}}, {"model": "admin.logentry", "pk": 45, "fields": {"action_time": "2023-05-24T13:43:20.727Z", "user": 4, "content_type": 11, "object_id": "21", "object_repr": "delerrg [12345]", "action_flag": 3, "change_message": ""}}, {"model": "admin.logentry", "pk": 46, "fields": {"action_time": "2023-05-24T13:43:20.749Z", "user": 4, "content_type": 11, "object_id": "20", "object_repr": "dela [dell2430]", "action_flag": 3, "change_message": ""}}, {"model": "admin.logentry", "pk": 47, "fields": {"action_time": "2023-05-24T13:43:20.760Z", "user": 4, "content_type": 11, "object_id": "19", "object_repr": "dellex [123456]", "action_flag": 3, "change_message": ""}}, {"model": "admin.logentry", "pk": 48, "fields": {"action_time": "2023-05-26T06:42:14.569Z", "user": 4, "content_type": 11, "object_id": "7", "object_repr": "Ishan Negi [EN15CS301111]", "action_flag": 3, "change_message": ""}}, {"model": "admin.logentry", "pk": 49, "fields": {"action_time": "2023-05-26T06:42:14.593Z", "user": 4, "content_type": 11, "object_id": "6", "object_repr": "Mishika  [EN14CS301110]", "action_flag": 3, "change_message": ""}}, {"model": "admin.logentry", "pk": 50, "fields": {"action_time": "2023-05-30T08:30:02.503Z", "user": 4, "content_type": 4, "object_id": "12", "object_repr": "dello", "action_flag": 2, "change_message": "[{\"changed\": {\"fields\": [\"Staff status\", \"Superuser status\"]}}]"}}, {"model": "admin.logentry", "pk": 51, "fields": {"action_time": "2023-05-31T07:17:05.079Z", "user": 4, "content_type": 9, "object_id": "29", "object_repr": "Book3[6778]", "action_flag": 1, "change_message": "[{\"added\": {}}]"}}, {"model": "admin.logentry", "pk": 52, "fields": {"action_time": "2023-05-31T07:19:58.273Z", "user": 4, "content_type": 9, "object_id": "30", "object_repr": "Son[qwrfwqe3]", "action_flag": 1, "change_message": "[{\"added\": {}}]"}}, {"model": "admin.logentry", "pk": 53, "fields": {"action_time": "2023-05-31T07:40:18.942Z", "user": 4, "content_type": 9, "object_id": "22", "object_repr": "kasuku[qwert]", "action_flag": 3, "change_message": ""}}, {"model": "admin.logentry", "pk": 54, "fields": {"action_time": "2023-05-31T07:40:18.967Z", "user": 4, "content_type": 9, "object_id": "19", "object_repr": "world bank[4532]", "action_flag": 3, "change_message": ""}}, {"model": "admin.logentry", "pk": 55, "fields": {"action_time": "2023-05-31T07:40:18.979Z", "user": 4, "content_type": 9, "object_id": "18", "object_repr": "Python [BE12345H2]", "action_flag": 3, "change_message": ""}}, {"model": "admin.logentry", "pk": 56, "fields": {"action_time": "2023-05-31T07:40:18.995Z", "user": 4, "content_type": 9, "object_id": "17", "object_repr": "java[BE12345H1]", "action_flag": 3, "change_message": ""}}, {"model": "admin.logentry", "pk": 57, "fields": {"action_time": "2023-05-31T07:40:19.008Z", "user": 4, "content_type": 9, "object_id": "16", "object_repr": "Python [BE12345H]", "action_flag": 3, "change_message": ""}}, {"model": "admin.logentry", "pk": 58, "fields": {"action_time": "2023-05-31T07:40:32.763Z", "user": 4, "content_type": 9, "object_id": "23", "object_repr": "qwerty[Q1234]", "action_flag": 3, "change_message": ""}}, {"model": "admin.logentry", "pk": 59, "fields": {"action_time": "2023-05-31T08:21:28.336Z", "user": 4, "content_type": 9, "object_id": "30", "object_repr": "Son[qwrfwqe3]", "action_flag": 3, "change_message": ""}}, {"model": "admin.logentry", "pk": 60, "fields": {"action_time": "2023-05-31T08:21:28.354Z", "user": 4, "content_type": 9, "object_id": "29", "object_repr": "Book3[6778]", "action_flag": 3, "change_message": ""}}, {"model": "admin.logentry", "pk": 61, "fields": {"action_time": "2023-05-31T08:21:28.369Z", "user": 4, "content_type": 9, "object_id": "28", "object_repr": "kasuku book[KA1234jhfg]", "action_flag": 3, "change_message": ""}}, {"model": "admin.logentry", "pk": 62, "fields": {"action_time": "2023-05-31T08:21:28.393Z", "user": 4, "content_type": 9, "object_id": "27", "object_repr": "Django [9864H]", "action_flag": 3, "change_message": ""}}, {"model": "admin.logentry", "pk": 63, "fields": {"action_time": "2023-05-31T08:21:28.418Z", "user": 4, "content_type": 9, "object_id": "26", "object_repr": "tales of the heart[12345]", "action_flag": 3, "change_message": ""}}, {"model": "admin.logentry", "pk": 64, "fields": {"action_time": "2023-05-31T08:21:28.433Z", "user": 4, "content_type": 9, "object_id": "25", "object_repr": "Son of fate[KA1234]", "action_flag": 3, "change_message": ""}}, {"model": "admin.logentry", "pk": 65, "fields": {"action_time": "2023-05-31T08:21:28.447Z", "user": 4, "content_type": 9, "object_id": "24", "object_repr": "Son of fate[KA1234]", "action_flag": 3, "change_message": ""}}, {"model": "admin.logentry", "pk": 66, "fields": {"action_time": "2023-05-31T08:22:51.215Z", "user": 4, "content_type": 9, "object_id": "31", "object_repr": "Book1[KA1234]", "action_flag": 1, "change_message": "[{\"added\": {}}]"}}, {"model": "admin.logentry", "pk": 67, "fields": {"action_time": "2023-05-31T08:23:46.497Z", "user": 4, "content_type": 9, "object_id": "32", "object_repr": "kasuku[9864H]", "action_flag": 1, "change_message": "[{\"added\": {}}]"}}, {"model": "admin.logentry", "pk": 68, "fields": {"action_time": "2023-05-31T08:24:48.375Z", "user": 4, "content_type": 9, "object_id": "33", "object_repr": "love[12345]", "action_flag": 1, "change_message": "[{\"added\": {}}]"}}, {"model": "admin.logentry", "pk": 69, "fields": {"action_time": "2023-05-31T08:25:23.775Z", "user": 4, "content_type": 9, "object_id": "34", "object_repr": "world bank[4532]", "action_flag": 1, "change_message": "[{\"added\": {}}]"}}, {"model": "admin.logentry", "pk": 70, "fields": {"action_time": "2023-05-31T09:15:25.731Z", "user": 4, "content_type": 9, "object_id": "35", "object_repr": "jgvh[y8]", "action_flag": 1, "change_message": "[{\"added\": {}}]"}}, {"model": "admin.logentry", "pk": 71, "fields": {"action_time": "2023-05-31T09:26:19.156Z", "user": 4, "content_type": 9, "object_id": "36", "object_repr": "44[wT]", "action_flag": 1, "change_message": "[{\"added\": {}}]"}}, {"model": "admin.logentry", "pk": 72, "fields": {"action_time": "2023-05-31T09:28:27.684Z", "user": 4, "content_type": 9, "object_id": "37", "object_repr": "53[KA1234]", "action_flag": 1, "change_message": "[{\"added\": {}}]"}}, {"model": "admin.logentry", "pk": 73, "fields": {"action_time": "2023-05-31T09:38:56.348Z", "user": 4, "content_type": 9, "object_id": "35", "object_repr": "jgvh[y8]", "action_flag": 3, "change_message": ""}}, {"model": "admin.logentry", "pk": 74, "fields": {"action_time": "2023-05-31T09:38:56.383Z", "user": 4, "content_type": 9, "object_id": "34", "object_repr": "world bank[4532]", "action_flag": 3, "change_message": ""}}, {"model": "admin.logentry", "pk": 75, "fields": {"action_time": "2023-05-31T09:38:56.398Z", "user": 4, "content_type": 9, "object_id": "33", "object_repr": "love[12345]", "action_flag": 3, "change_message": ""}}, {"model": "admin.logentry", "pk": 76, "fields": {"action_time": "2023-05-31T09:38:56.412Z", "user": 4, "content_type": 9, "object_id": "32", "object_repr": "kasuku[9864H]", "action_flag": 3, "change_message": ""}}, {"model": "admin.logentry", "pk": 77, "fields": {"action_time": "2023-05-31T09:38:56.425Z", "user": 4, "content_type": 9, "object_id": "31", "object_repr": "Book1[KA1234]", "action_flag": 3, "change_message": ""}}, {"model": "admin.logentry", "pk": 78, "fields": {"action_time": "2023-05-31T10:01:42.592Z", "user": 4, "content_type": 9, "object_id": "37", "object_repr": "53[KA1234]", "action_flag": 3, "change_message": ""}}, {"model": "admin.logentry", "pk": 79, "fields": {"action_time": "2023-05-31T10:01:42.607Z", "user": 4, "content_type": 9, "object_id": "36", "object_repr": "44[wT]", "action_flag": 3, "change_message": ""}}, {"model": "admin.logentry", "pk": 80, "fields": {"action_time": "2023-05-31T10:03:32.672Z", "user": 4, "content_type": 9, "object_id": "38", "object_repr": "Booth[B23]", "action_flag": 1, "change_message": "[{\"added\": {}}]"}}, {"model": "admin.logentry", "pk": 81, "fields": {"action_time": "2023-05-31T10:05:32.172Z", "user": 4, "content_type": 9, "object_id": "39", "object_repr": "Breaking[B2]", "action_flag": 1, "change_message": "[{\"added\": {}}]"}}, {"model": "admin.logentry", "pk": 82, "fields": {"action_time": "2023-05-31T10:06:43.918Z", "user": 4, "content_type": 9, "object_id": "40", "object_repr": "Carve Mark[C1]", "action_flag": 1, "change_message": "[{\"added\": {}}]"}}, {"model": "admin.logentry", "pk": 83, "fields": {"action_time": "2023-05-31T10:07:52.072Z", "user": 4, "content_type": 9, "object_id": "41", "object_repr": "Catching Fire[C2]", "action_flag": 1, "change_message": "[{\"added\": {}}]"}}, {"model": "admin.logentry", "pk": 84, "fields": {"action_time": "2023-05-31T10:09:16.565Z", "user": 4, "content_type": 9, "object_id": "42", "object_repr": "Educated[E1223]", "action_flag": 1, "change_message": "[{\"added\": {}}]"}}, {"model": "admin.logentry", "pk": 85, "fields": {"action_time": "2023-05-31T10:10:44.834Z", "user": 4, "content_type": 9, "object_id": "43", "object_repr": "The Magic Forest[TMF134]", "action_flag": 1, "change_message": "[{\"added\": {}}]"}}, {"model": "admin.logentry", "pk": 86, "fields": {"action_time": "2023-05-31T10:12:10.747Z", "user": 4, "content_type": 9, "object_id": "44", "object_repr": "The greate Gatsby[TGG7356]", "action_flag": 1, "change_message": "[{\"added\": {}}]"}}, {"model": "admin.logentry", "pk": 87, "fields": {"action_time": "2023-05-31T10:13:35.853Z", "user": 4, "content_type": 9, "object_id": "45", "object_repr": "Harry Potter[HP23424]", "action_flag": 1, "change_message": "[{\"added\": {}}]"}}, {"model": "admin.logentry", "pk": 88, "fields": {"action_time": "2023-05-31T11:57:55.702Z", "user": 4, "content_type": 9, "object_id": "46", "object_repr": "Hypocrite World[HW2424]", "action_flag": 1, "change_message": "[{\"added\": {}}]"}}, {"model": "admin.logentry", "pk": 89, "fields": {"action_time": "2023-05-31T12:00:30.938Z", "user": 4, "content_type": 9, "object_id": "47", "object_repr": "Abandoned Kingdom[B242]", "action_flag": 1, "change_message": "[{\"added\": {}}]"}}, {"model": "admin.logentry", "pk": 90, "fields": {"action_time": "2023-05-31T12:01:28.106Z", "user": 4, "content_type": 9, "object_id": "48", "object_repr": "Lost Hope[LH234]", "action_flag": 1, "change_message": "[{\"added\": {}}]"}}, {"model": "admin.logentry", "pk": 91, "fields": {"action_time": "2023-05-31T12:03:06.568Z", "user": 4, "content_type": 9, "object_id": "49", "object_repr": "Lunar Storm[LS32]", "action_flag": 1, "change_message": "[{\"added\": {}}]"}}, {"model": "admin.logentry", "pk": 92, "fields": {"action_time": "2023-05-31T12:04:39.607Z", "user": 4, "content_type": 9, "object_id": "50", "object_repr": "The Martian[TM378]", "action_flag": 1, "change_message": "[{\"added\": {}}]"}}, {"model": "admin.logentry", "pk": 93, "fields": {"action_time": "2023-05-31T12:06:40.797Z", "user": 4, "content_type": 9, "object_id": "51", "object_repr": "Daughter of Cloak andMask[M123]", "action_flag": 1, "change_message": "[{\"added\": {}}]"}}, {"model": "admin.logentry", "pk": 94, "fields": {"action_time": "2023-05-31T12:08:24.931Z", "user": 4, "content_type": 9, "object_id": "52", "object_repr": "Memory[M1234]", "action_flag": 1, "change_message": "[{\"added\": {}}]"}}, {"model": "admin.logentry", "pk": 95, "fields": {"action_time": "2023-05-31T12:09:53.181Z", "user": 4, "content_type": 9, "object_id": "53", "object_repr": "Reckoning[R3425]", "action_flag": 1, "change_message": "[{\"added\": {}}]"}}, {"model": "admin.logentry", "pk": 96, "fields": {"action_time": "2023-05-31T12:10:49.657Z", "user": 4, "content_type": 9, "object_id": "54", "object_repr": "Sin Eater[SE34]", "action_flag": 1, "change_message": "[{\"added\": {}}]"}}, {"model": "admin.logentry", "pk": 97, "fields": {"action_time": "2023-05-31T12:50:56.133Z", "user": 4, "content_type": 9, "object_id": "51", "object_repr": "Daughter of Cloak andMask[M123]", "action_flag": 3, "change_message": ""}}, {"model": "admin.logentry", "pk": 98, "fields": {"action_time": "2023-05-31T12:52:02.444Z", "user": 4, "content_type": 9, "object_id": "58", "object_repr": "Mask[M123]", "action_flag": 1, "change_message": "[{\"added\": {}}]"}}, {"model": "admin.logentry", "pk": 99, "fields": {"action_time": "2023-06-12T10:28:48.764Z", "user": 4, "content_type": 4, "object_id": "2", "object_repr": "avani", "action_flag": 2, "change_message": "[{\"changed\": {\"fields\": [\"Groups\", \"User permissions\"]}}]"}}, {"model": "admin.logentry", "pk": 100, "fields": {"action_time": "2023-06-12T12:05:57.435Z", "user": 4, "content_type": 3, "object_id": "2", "object_repr": "staff", "action_flag": 2, "change_message": "[{\"changed\": {\"fields\": [\"Permissions\"]}}]"}}, {"model": "admin.logentry", "pk": 101, "fields": {"action_time": "2023-06-12T12:24:37.711Z", "user": 4, "content_type": 4, "object_id": "24", "object_repr": "caro", "action_flag": 2, "change_message": "[{\"changed\": {\"fields\": [\"Groups\"]}}]"}}, {"model": "admin.logentry", "pk": 102, "fields": {"action_time": "2023-06-20T14:14:45.356Z", "user": 4, "content_type": 18, "object_id": "1", "object_repr": "Booth - dell", "action_flag": 1, "change_message": "[{\"added\": {}}]"}}, {"model": "admin.logentry", "pk": 103, "fields": {"action_time": "2023-06-20T14:17:35.720Z", "user": 4, "content_type": 18, "object_id": "2", "object_repr": "Bitcoin and blockchain - dell", "action_flag": 1, "change_message": "[{\"added\": {}}]"}}, {"model": "admin.logentry", "pk": 104, "fields": {"action_time": "2023-06-20T14:19:55.640Z", "user": 4, "content_type": 18, "object_id": "3", "object_repr": "Bitcoin and blockchain - dell", "action_flag": 1, "change_message": "[{\"added\": {}}]"}}, {"model": "admin.logentry", "pk": 105, "fields": {"action_time": "2023-06-21T08:38:00.137Z", "user": 4, "content_type": 4, "object_id": "17", "object_repr": "dell1", "action_flag": 2, "change_message": "[{\"changed\": {\"fields\": [\"password\"]}}]"}}, {"model": "admin.logentry", "pk": 106, "fields": {"action_time": "2023-06-22T12:01:51.472Z", "user": 4, "content_type": 4, "object_id": "24", "object_repr": "caro", "action_flag": 2, "change_message": "[{\"changed\": {\"fields\": [\"password\"]}}]"}}, {"model": "admin.logentry", "pk": 107, "fields": {"action_time": "2023-06-22T12:02:06.637Z", "user": 4, "content_type": 4, "object_id": "24", "object_repr": "caro", "action_flag": 2, "change_message": "[{\"changed\": {\"fields\": [\"Staff status\", \"Superuser status\"]}}]"}}, {"model": "admin.logentry", "pk": 108, "fields": {"action_time": "2023-06-23T05:50:08.400Z", "user": 4, "content_type": 4, "object_id": "30", "object_repr": "konv", "action_flag": 2, "change_message": "[{\"changed\": {\"fields\": [\"Staff status\", \"Superuser status\"]}}]"}}, {"model": "admin.logentry", "pk": 109, "fields": {"action_time": "2023-06-23T08:14:59.401Z", "user": 30, "content_type": 9, "object_id": "61", "object_repr": "The mind of a leader[TML123]", "action_flag": 1, "change_message": "[{\"added\": {}}]"}}, {"model": "admin.logentry", "pk": 110, "fields": {"action_time": "2023-06-26T10:15:04.328Z", "user": 4, "content_type": 19, "object_id": "1", "object_repr": "Thriller", "action_flag": 1, "change_message": "[{\"added\": {}}]"}}, {"model": "admin.logentry", "pk": 111, "fields": {"action_time": "2023-06-26T10:15:16.001Z", "user": 4, "content_type": 19, "object_id": "2", "object_repr": "Romance", "action_flag": 1, "change_message": "[{\"added\": {}}]"}}, {"model": "admin.logentry", "pk": 112, "fields": {"action_time": "2023-06-26T13:16:58.685Z", "user": 4, "content_type": 19, "object_id": "2", "object_repr": "category_name", "action_flag": 3, "change_message": ""}}, {"model": "admin.logentry", "pk": 113, "fields": {"action_time": "2023-06-26T13:25:42.291Z", "user": 4, "content_type": 19, "object_id": "1", "object_repr": "Thriller", "action_flag": 2, "change_message": "[{\"changed\": {\"fields\": [\"Category name\", \"Cat cover\"]}}]"}}, {"model": "admin.logentry", "pk": 114, "fields": {"action_time": "2023-06-26T14:16:53.817Z", "user": 4, "content_type": 19, "object_id": "3", "object_repr": "Magazines", "action_flag": 1, "change_message": "[{\"added\": {}}]"}}, {"model": "admin.logentry", "pk": 115, "fields": {"action_time": "2023-06-26T17:34:03.312Z", "user": 4, "content_type": 19, "object_id": "4", "object_repr": "Training & Development", "action_flag": 1, "change_message": "[{\"added\": {}}]"}}, {"model": "admin.logentry", "pk": 116, "fields": {"action_time": "2023-06-26T17:41:25.123Z", "user": 4, "content_type": 19, "object_id": "5", "object_repr": "Project Management", "action_flag": 1, "change_message": "[{\"added\": {}}]"}}, {"model": "admin.logentry", "pk": 117, "fields": {"action_time": "2023-06-26T17:46:38.545Z", "user": 4, "content_type": 19, "object_id": "6", "object_repr": "Research & Development", "action_flag": 1, "change_message": "[{\"added\": {}}]"}}, {"model": "admin.logentry", "pk": 118, "fields": {"action_time": "2023-06-26T17:51:46.433Z", "user": 4, "content_type": 19, "object_id": "7", "object_repr": "Reference Materials", "action_flag": 1, "change_message": "[{\"added\": {}}]"}}, {"model": "admin.logentry", "pk": 119, "fields": {"action_time": "2023-06-27T07:15:23.236Z", "user": 4, "content_type": 9, "object_id": "59", "object_repr": "Database Systems[DB1223]", "action_flag": 2, "change_message": "[{\"changed\": {\"fields\": [\"Bookname\", \"Subject\"]}}]"}}, {"model": "admin.logentry", "pk": 120, "fields": {"action_time": "2023-06-27T07:41:03.844Z", "user": 4, "content_type": 9, "object_id": "39", "object_repr": "Breaking The Oath at Turner Creek[B2]", "action_flag": 2, "change_message": "[{\"changed\": {\"fields\": [\"Bookname\", \"Subject\"]}}]"}}, {"model": "admin.logentry", "pk": 121, "fields": {"action_time": "2023-07-18T08:23:58.850Z", "user": 25, "content_type": 9, "object_id": "65", "object_repr": "The mind of a leadery[TML123i9]", "action_flag": 1, "change_message": "[{\"added\": {}}]"}}, {"model": "admin.logentry", "pk": 122, "fields": {"action_time": "2023-07-21T16:56:17.321Z", "user": 25, "content_type": 4, "object_id": "31", "object_repr": "kingori", "action_flag": 1, "change_message": "[{\"added\": {}}]"}}, {"model": "admin.logentry", "pk": 123, "fields": {"action_time": "2023-07-21T16:57:20.812Z", "user": 25, "content_type": 4, "object_id": "31", "object_repr": "kingori", "action_flag": 2, "change_message": "[{\"changed\": {\"fields\": [\"First name\", \"Last name\", \"Email address\", \"Staff status\"]}}]"}}, {"model": "auth.permission", "pk": 1, "fields": {"name": "Can add log entry", "content_type": 1, "codename": "add_logentry"}}, {"model": "auth.permission", "pk": 2, "fields": {"name": "Can change log entry", "content_type": 1, "codename": "change_logentry"}}, {"model": "auth.permission", "pk": 3, "fields": {"name": "Can delete log entry", "content_type": 1, "codename": "delete_logentry"}}, {"model": "auth.permission", "pk": 4, "fields": {"name": "Can view log entry", "content_type": 1, "codename": "view_logentry"}}, {"model": "auth.permission", "pk": 5, "fields": {"name": "Can add permission", "content_type": 2, "codename": "add_permission"}}, {"model": "auth.permission", "pk": 6, "fields": {"name": "Can change permission", "content_type": 2, "codename": "change_permission"}}, {"model": "auth.permission", "pk": 7, "fields": {"name": "Can delete permission", "content_type": 2, "codename": "delete_permission"}}, {"model": "auth.permission", "pk": 8, "fields": {"name": "Can view permission", "content_type": 2, "codename": "view_permission"}}, {"model": "auth.permission", "pk": 9, "fields": {"name": "Can add group", "content_type": 3, "codename": "add_group"}}, {"model": "auth.permission", "pk": 10, "fields": {"name": "Can change group", "content_type": 3, "codename": "change_group"}}, {"model": "auth.permission", "pk": 11, "fields": {"name": "Can delete group", "content_type": 3, "codename": "delete_group"}}, {"model": "auth.permission", "pk": 12, "fields": {"name": "Can view group", "content_type": 3, "codename": "view_group"}}, {"model": "auth.permission", "pk": 13, "fields": {"name": "Can add user", "content_type": 4, "codename": "add_user"}}, {"model": "auth.permission", "pk": 14, "fields": {"name": "Can change user", "content_type": 4, "codename": "change_user"}}, {"model": "auth.permission", "pk": 15, "fields": {"name": "Can delete user", "content_type": 4, "codename": "delete_user"}}, {"model": "auth.permission", "pk": 16, "fields": {"name": "Can view user", "content_type": 4, "codename": "view_user"}}, {"model": "auth.permission", "pk": 17, "fields": {"name": "Can add content type", "content_type": 5, "codename": "add_contenttype"}}, {"model": "auth.permission", "pk": 18, "fields": {"name": "Can change content type", "content_type": 5, "codename": "change_contenttype"}}, {"model": "auth.permission", "pk": 19, "fields": {"name": "Can delete content type", "content_type": 5, "codename": "delete_contenttype"}}, {"model": "auth.permission", "pk": 20, "fields": {"name": "Can view content type", "content_type": 5, "codename": "view_contenttype"}}, {"model": "auth.permission", "pk": 21, "fields": {"name": "Can add session", "content_type": 6, "codename": "add_session"}}, {"model": "auth.permission", "pk": 22, "fields": {"name": "Can change session", "content_type": 6, "codename": "change_session"}}, {"model": "auth.permission", "pk": 23, "fields": {"name": "Can delete session", "content_type": 6, "codename": "delete_session"}}, {"model": "auth.permission", "pk": 24, "fields": {"name": "Can view session", "content_type": 6, "codename": "view_session"}}, {"model": "auth.permission", "pk": 25, "fields": {"name": "Can add user extend", "content_type": 7, "codename": "add_userextend"}}, {"model": "auth.permission", "pk": 26, "fields": {"name": "Can change user extend", "content_type": 7, "codename": "change_userextend"}}, {"model": "auth.permission", "pk": 27, "fields": {"name": "Can delete user extend", "content_type": 7, "codename": "delete_userextend"}}, {"model": "auth.permission", "pk": 28, "fields": {"name": "Can view user extend", "content_type": 7, "codename": "view_userextend"}}, {"model": "auth.permission", "pk": 29, "fields": {"name": "Can add issue book", "content_type": 8, "codename": "add_issuebook"}}, {"model": "auth.permission", "pk": 30, "fields": {"name": "Can change issue book", "content_type": 8, "codename": "change_issuebook"}}, {"model": "auth.permission", "pk": 31, "fields": {"name": "Can delete issue book", "content_type": 8, "codename": "delete_issuebook"}}, {"model": "auth.permission", "pk": 32, "fields": {"name": "Can view issue book", "content_type": 8, "codename": "view_issuebook"}}, {"model": "auth.permission", "pk": 33, "fields": {"name": "Can add add book", "content_type": 9, "codename": "add_addbook"}}, {"model": "auth.permission", "pk": 34, "fields": {"name": "Can change add book", "content_type": 9, "codename": "change_addbook"}}, {"model": "auth.permission", "pk": 35, "fields": {"name": "Can delete add book", "content_type": 9, "codename": "delete_addbook"}}, {"model": "auth.permission", "pk": 36, "fields": {"name": "Can view add book", "content_type": 9, "codename": "view_addbook"}}, {"model": "auth.permission", "pk": 37, "fields": {"name": "Can add return book", "content_type": 10, "codename": "add_returnbook"}}, {"model": "auth.permission", "pk": 38, "fields": {"name": "Can change return book", "content_type": 10, "codename": "change_returnbook"}}, {"model": "auth.permission", "pk": 39, "fields": {"name": "Can delete return book", "content_type": 10, "codename": "delete_returnbook"}}, {"model": "auth.permission", "pk": 40, "fields": {"name": "Can view return book", "content_type": 10, "codename": "view_returnbook"}}, {"model": "auth.permission", "pk": 41, "fields": {"name": "Can add add student", "content_type": 11, "codename": "add_addstudent"}}, {"model": "auth.permission", "pk": 42, "fields": {"name": "Can change add student", "content_type": 11, "codename": "change_addstudent"}}, {"model": "auth.permission", "pk": 43, "fields": {"name": "Can delete add student", "content_type": 11, "codename": "delete_addstudent"}}, {"model": "auth.permission", "pk": 44, "fields": {"name": "Can view add student", "content_type": 11, "codename": "view_addstudent"}}, {"model": "auth.permission", "pk": 45, "fields": {"name": "Can add student", "content_type": 12, "codename": "add_student"}}, {"model": "auth.permission", "pk": 46, "fields": {"name": "Can change student", "content_type": 12, "codename": "change_student"}}, {"model": "auth.permission", "pk": 47, "fields": {"name": "Can delete student", "content_type": 12, "codename": "delete_student"}}, {"model": "auth.permission", "pk": 48, "fields": {"name": "Can view student", "content_type": 12, "codename": "view_student"}}, {"model": "auth.permission", "pk": 49, "fields": {"name": "Can add mybook", "content_type": 13, "codename": "add_mybook"}}, {"model": "auth.permission", "pk": 50, "fields": {"name": "Can change mybook", "content_type": 13, "codename": "change_mybook"}}, {"model": "auth.permission", "pk": 51, "fields": {"name": "Can delete mybook", "content_type": 13, "codename": "delete_mybook"}}, {"model": "auth.permission", "pk": 52, "fields": {"name": "Can view mybook", "content_type": 13, "codename": "view_mybook"}}, {"model": "auth.permission", "pk": 53, "fields": {"name": "Can add mybooks", "content_type": 14, "codename": "add_mybooks"}}, {"model": "auth.permission", "pk": 54, "fields": {"name": "Can change mybooks", "content_type": 14, "codename": "change_mybooks"}}, {"model": "auth.permission", "pk": 55, "fields": {"name": "Can delete mybooks", "content_type": 14, "codename": "delete_mybooks"}}, {"model": "auth.permission", "pk": 56, "fields": {"name": "Can view mybooks", "content_type": 14, "codename": "view_mybooks"}}, {"model": "auth.permission", "pk": 57, "fields": {"name": "Can add user group", "content_type": 15, "codename": "add_usergroup"}}, {"model": "auth.permission", "pk": 58, "fields": {"name": "Can change user group", "content_type": 15, "codename": "change_usergroup"}}, {"model": "auth.permission", "pk": 59, "fields": {"name": "Can delete user group", "content_type": 15, "codename": "delete_usergroup"}}, {"model": "auth.permission", "pk": 60, "fields": {"name": "Can view user group", "content_type": 15, "codename": "view_usergroup"}}, {"model": "auth.permission", "pk": 61, "fields": {"name": "Can add read book", "content_type": 16, "codename": "add_readbook"}}, {"model": "auth.permission", "pk": 62, "fields": {"name": "Can change read book", "content_type": 16, "codename": "change_readbook"}}, {"model": "auth.permission", "pk": 63, "fields": {"name": "Can delete read book", "content_type": 16, "codename": "delete_readbook"}}, {"model": "auth.permission", "pk": 64, "fields": {"name": "Can view read book", "content_type": 16, "codename": "view_readbook"}}, {"model": "auth.permission", "pk": 65, "fields": {"name": "Can add borrowed book", "content_type": 17, "codename": "add_borrowedbook"}}, {"model": "auth.permission", "pk": 66, "fields": {"name": "Can change borrowed book", "content_type": 17, "codename": "change_borrowedbook"}}, {"model": "auth.permission", "pk": 67, "fields": {"name": "Can delete borrowed book", "content_type": 17, "codename": "delete_borrowedbook"}}, {"model": "auth.permission", "pk": 68, "fields": {"name": "Can view borrowed book", "content_type": 17, "codename": "view_borrowedbook"}}, {"model": "auth.permission", "pk": 69, "fields": {"name": "Can add rating", "content_type": 18, "codename": "add_rating"}}, {"model": "auth.permission", "pk": 70, "fields": {"name": "Can change rating", "content_type": 18, "codename": "change_rating"}}, {"model": "auth.permission", "pk": 71, "fields": {"name": "Can delete rating", "content_type": 18, "codename": "delete_rating"}}, {"model": "auth.permission", "pk": 72, "fields": {"name": "Can view rating", "content_type": 18, "codename": "view_rating"}}, {"model": "auth.permission", "pk": 73, "fields": {"name": "Can add category", "content_type": 19, "codename": "add_category"}}, {"model": "auth.permission", "pk": 74, "fields": {"name": "Can change category", "content_type": 19, "codename": "change_category"}}, {"model": "auth.permission", "pk": 75, "fields": {"name": "Can delete category", "content_type": 19, "codename": "delete_category"}}, {"model": "auth.permission", "pk": 76, "fields": {"name": "Can view category", "content_type": 19, "codename": "view_category"}}, {"model": "auth.permission", "pk": 77, "fields": {"name": "Can add categorys", "content_type": 20, "codename": "add_categorys"}}, {"model": "auth.permission", "pk": 78, "fields": {"name": "Can change categorys", "content_type": 20, "codename": "change_categorys"}}, {"model": "auth.permission", "pk": 79, "fields": {"name": "Can delete categorys", "content_type": 20, "codename": "delete_categorys"}}, {"model": "auth.permission", "pk": 80, "fields": {"name": "Can view categorys", "content_type": 20, "codename": "view_categorys"}}, {"model": "auth.permission", "pk": 81, "fields": {"name": "Can add reading", "content_type": 21, "codename": "add_reading"}}, {"model": "auth.permission", "pk": 82, "fields": {"name": "Can change reading", "content_type": 21, "codename": "change_reading"}}, {"model": "auth.permission", "pk": 83, "fields": {"name": "Can delete reading", "content_type": 21, "codename": "delete_reading"}}, {"model": "auth.permission", "pk": 84, "fields": {"name": "Can view reading", "content_type": 21, "codename": "view_reading"}}, {"model": "auth.permission", "pk": 85, "fields": {"name": "Can add notification", "content_type": 22, "codename": "add_notification"}}, {"model": "auth.permission", "pk": 86, "fields": {"name": "Can change notification", "content_type": 22, "codename": "change_notification"}}, {"model": "auth.permission", "pk": 87, "fields": {"name": "Can delete notification", "content_type": 22, "codename": "delete_notification"}}, {"model": "auth.permission", "pk": 88, "fields": {"name": "Can view notification", "content_type": 22, "codename": "view_notification"}}, {"model": "auth.group", "pk": 1, "fields": {"name": "admin", "permissions": [1, 2, 3, 4, 9, 10, 11, 12, 5, 6, 7, 8, 13, 14, 15, 16, 17, 18, 19, 20, 33, 34, 35, 36, 41, 42, 43, 44, 29, 30, 31, 32, 37, 38, 39, 40, 45, 46, 47, 48, 25, 26, 27, 28, 21, 22, 23, 24]}}, {"model": "auth.group", "pk": 2, "fields": {"name": "staff", "permissions": [20, 53, 55, 56]}}, {"model": "auth.user", "pk": 1, "fields": {"password": "pbkdf2_sha256$180000$KQn066Zm8Ivl$DOcw6wQmfBW8iydrL4A6gTfdCUghcW3lZ2p4FYUmjRs=", "last_login": "2021-07-28T13:25:17.145Z", "is_superuser": true, "username": "ishika", "first_name": "", "last_name": "", "email": "", "is_staff": true, "is_active": true, "date_joined": "2021-07-23T19:36:49.661Z", "groups": [], "user_permissions": []}}, {"model": "auth.user", "pk": 2, "fields": {"password": "pbkdf2_sha256$180000$cDwvBTqIMgHh$4EaQtkp107pFL6evtXVW7J1ac3wREn7VH4Bw4YYywbU=", "last_login": "2021-08-06T11:50:01Z", "is_superuser": false, "username": "avani", "first_name": "avani", "last_name": "khandelwal", "email": "kavani602@gmail.com", "is_staff": false, "is_active": true, "date_joined": "2021-07-23T19:37:21Z", "groups": [2], "user_permissions": [56]}}, {"model": "auth.user", "pk": 3, "fields": {"password": "pbkdf2_sha256$180000$I1AIo4vQix57$dQe2Gf1D1HaXHZzyyi8mF89WsqNu5529u72TQOALgL8=", "last_login": "2021-07-24T14:49:35.383Z", "is_superuser": false, "username": "ishika1", "first_name": "Ishika", "last_name": "Rajawat", "email": "atharv.rajawat@gmail.com", "is_staff": false, "is_active": true, "date_joined": "2021-07-24T14:49:12.324Z", "groups": [], "user_permissions": []}}, {"model": "auth.user", "pk": 4, "fields": {"password": "pbkdf2_sha256$320000$f5a8Unf6Y1tzMKcw72vTq7$b3pFXKqEQozRFQ+mOr/1N3g+mUvJZBGhWLsLGU6y09A=", "last_login": "2023-07-03T14:08:33.534Z", "is_superuser": true, "username": "dell", "first_name": "", "last_name": "", "email": "", "is_staff": true, "is_active": true, "date_joined": "2023-05-23T08:56:25.336Z", "groups": [], "user_permissions": []}}, {"model": "auth.user", "pk": 5, "fields": {"password": "!4JBf7knpRh0iaLJU5DlAde90ZzyGJ1pa4CrFWPU5", "last_login": null, "is_superuser": false, "username": "qw", "first_name": "", "last_name": "", "email": "", "is_staff": false, "is_active": true, "date_joined": "2023-05-24T09:14:44.479Z", "groups": [], "user_permissions": []}}, {"model": "auth.user", "pk": 6, "fields": {"password": "!4Rpe5ZdcHqeiZ4IMCaeyhxDTNW4hIW5KhjQHw9tK", "last_login": null, "is_superuser": false, "username": "Wdf", "first_name": "", "last_name": "", "email": "", "is_staff": false, "is_active": true, "date_joined": "2023-05-24T09:15:53.775Z", "groups": [], "user_permissions": []}}, {"model": "auth.user", "pk": 7, "fields": {"password": "!c2W6v7s4LsEBR2XuZYiTmcydcMUa37Fqydmgui0I", "last_login": null, "is_superuser": false, "username": "risie", "first_name": "", "last_name": "", "email": "", "is_staff": false, "is_active": true, "date_joined": "2023-05-24T09:17:58.900Z", "groups": [], "user_permissions": []}}, {"model": "auth.user", "pk": 8, "fields": {"password": "!sW3ImIrJ7SFVeAaum29TrAh676wWbkcq3zvumam4", "last_login": null, "is_superuser": false, "username": "solo", "first_name": "", "last_name": "", "email": "", "is_staff": false, "is_active": true, "date_joined": "2023-05-24T09:19:19.823Z", "groups": [], "user_permissions": []}}, {"model": "auth.user", "pk": 9, "fields": {"password": "!XmdxhZZCTVQ9CT3l4w10Wxs72zDUOtef89uf7ovG", "last_login": null, "is_superuser": false, "username": "jonte", "first_name": "", "last_name": "", "email": "", "is_staff": false, "is_active": true, "date_joined": "2023-05-24T09:21:55.457Z", "groups": [], "user_permissions": []}}, {"model": "auth.user", "pk": 10, "fields": {"password": "pbkdf2_sha256$320000$wYALNPJrTDLma8WwxaYT0T$ksnyPYKvx4pUOj11/Fz8FcgV6xgG+wY2xNKcWIfa4V4=", "last_login": null, "is_superuser": false, "username": "dell2430", "first_name": "", "last_name": "", "email": "", "is_staff": false, "is_active": true, "date_joined": "2023-05-24T09:36:20.021Z", "groups": [], "user_permissions": []}}, {"model": "auth.user", "pk": 11, "fields": {"password": "pbkdf2_sha256$320000$ru2e4o3IJ3wOP2HqszTAcR$DAMVmrTFWiIWmalwyHF8JoiW97j305rpXY7JEI4FWTg=", "last_login": null, "is_superuser": false, "username": "juhuh", "first_name": "", "last_name": "", "email": "", "is_staff": false, "is_active": true, "date_joined": "2023-05-24T09:45:26.420Z", "groups": [], "user_permissions": []}}, {"model": "auth.user", "pk": 12, "fields": {"password": "pbkdf2_sha256$320000$B7prmCFsKGoe7HW9aCFklB$lol9HazYlE34gdxb3tw9pipB9OGwIg1EdDabQOJ1PZA=", "last_login": "2023-05-30T08:30:25.659Z", "is_superuser": true, "username": "dello", "first_name": "", "last_name": "", "email": "", "is_staff": true, "is_active": true, "date_joined": "2023-05-24T11:12:02Z", "groups": [], "user_permissions": []}}, {"model": "auth.user", "pk": 13, "fields": {"password": "pbkdf2_sha256$320000$u3OtPUPQUXy4T3Ps2zJ3kq$qcZ/DU6A7h3OuYwfDxD1dDx1TSkvxTyDig48e2fOE84=", "last_login": "2023-05-30T08:14:27.616Z", "is_superuser": false, "username": "della", "first_name": "", "last_name": "", "email": "", "is_staff": false, "is_active": true, "date_joined": "2023-05-24T11:22:08.949Z", "groups": [], "user_permissions": []}}, {"model": "auth.user", "pk": 14, "fields": {"password": "pbkdf2_sha256$320000$slzQJsjRU3KuCO4voEKKCk$QYcKReaAHEJiXeEfnGNhEnpkpq04gPhyNufulwXfO3c=", "last_login": null, "is_superuser": false, "username": "dellSDG", "first_name": "", "last_name": "", "email": "", "is_staff": false, "is_active": true, "date_joined": "2023-05-24T11:23:53.354Z", "groups": [], "user_permissions": []}}, {"model": "auth.user", "pk": 15, "fields": {"password": "pbkdf2_sha256$320000$FOX8tDqd2nO0wbdawtrJTo$plxf08de218AAHE09Ip7lM6jvvE+6IzFq5w+xy2REjM=", "last_login": null, "is_superuser": false, "username": "dellA", "first_name": "", "last_name": "", "email": "", "is_staff": false, "is_active": true, "date_joined": "2023-05-24T11:30:24.199Z", "groups": [], "user_permissions": []}}, {"model": "auth.user", "pk": 16, "fields": {"password": "!qVp7AL42oxEmlv0iXsFyRi7aIwwMbCtwMdFewXa2", "last_login": null, "is_superuser": false, "username": "dellooo", "first_name": "", "last_name": "", "email": "", "is_staff": false, "is_active": true, "date_joined": "2023-05-24T12:23:01.406Z", "groups": [], "user_permissions": []}}, {"model": "auth.user", "pk": 17, "fields": {"password": "pbkdf2_sha256$320000$Onk56nQQY789ba5G8q1Gpj$bRxYaUTMhpa49wyerA8H2BRCM8FqZsaU2uzncdAmOHQ=", "last_login": "2023-06-21T12:50:09.886Z", "is_superuser": false, "username": "dell1", "first_name": "", "last_name": "", "email": "", "is_staff": false, "is_active": true, "date_joined": "2023-05-24T12:24:43.447Z", "groups": [], "user_permissions": []}}, {"model": "auth.user", "pk": 18, "fields": {"password": "!x14RWrxHSOG0Z9IXn0dIEtvY0jaxaFOvw6BmYA2u", "last_login": null, "is_superuser": false, "username": "dellex", "first_name": "", "last_name": "", "email": "", "is_staff": false, "is_active": true, "date_joined": "2023-05-24T12:31:55.893Z", "groups": [], "user_permissions": []}}, {"model": "auth.user", "pk": 19, "fields": {"password": "!RiQn5qIg60Kf2gsVNxeizxgdz7s46RTYuKuoB7u6", "last_login": null, "is_superuser": false, "username": "dela", "first_name": "", "last_name": "", "email": "", "is_staff": false, "is_active": true, "date_joined": "2023-05-24T12:32:23.969Z", "groups": [], "user_permissions": []}}, {"model": "auth.user", "pk": 20, "fields": {"password": "!Y5eYZdhaD2YjrgSYot2WksMXudvKwDQptdH23y4p", "last_login": null, "is_superuser": false, "username": "delerrg", "first_name": "", "last_name": "", "email": "", "is_staff": false, "is_active": true, "date_joined": "2023-05-24T12:33:09.565Z", "groups": [], "user_permissions": []}}, {"model": "auth.user", "pk": 21, "fields": {"password": "pbkdf2_sha256$320000$YoOZYZf1htlTSJdKA5VwbR$Gi+BIfrHNQvKK7xl2MDiUmm3SolXTxqmMvtw8nP96a8=", "last_login": "2023-06-18T15:56:21.317Z", "is_superuser": false, "username": "dellax", "first_name": "Ednah", "last_name": "Kiriamiti", "email": "mwirgdesmond@gmail.com", "is_staff": true, "is_active": true, "date_joined": "2023-05-24T13:41:11Z", "groups": [2], "user_permissions": []}}, {"model": "auth.user", "pk": 22, "fields": {"password": "!nYYPU32WeUdlVkAhnTjvlcxqApiyjkwEsNpuOmRe", "last_login": null, "is_superuser": false, "username": "phylit", "first_name": "", "last_name": "", "email": "", "is_staff": false, "is_active": true, "date_joined": "2023-05-29T13:53:16.293Z", "groups": [], "user_permissions": []}}, {"model": "auth.user", "pk": 23, "fields": {"password": "!gcdcAmbBuHSGGGBCGF8dlSC4lwvriM8Ys24ZrvBm", "last_login": null, "is_superuser": false, "username": "hilda", "first_name": "", "last_name": "", "email": "", "is_staff": false, "is_active": true, "date_joined": "2023-05-30T07:38:39.784Z", "groups": [], "user_permissions": []}}, {"model": "auth.user", "pk": 24, "fields": {"password": "pbkdf2_sha256$320000$mT7CxgOmHGPnrD0kBQoksz$vLxtAkcqj6ZjtQqfMChyz/o6InUhKiTFRLXv1Tavxv4=", "last_login": "2023-06-22T12:02:39.700Z", "is_superuser": true, "username": "caro", "first_name": "", "last_name": "", "email": "", "is_staff": true, "is_active": true, "date_joined": "2023-06-12T07:55:30Z", "groups": [2], "user_permissions": []}}, {"model": "auth.user", "pk": 25, "fields": {"password": "pbkdf2_sha256$320000$MwmVUh9lfnKd3RlowvNZK9$aZIfPPBItNGJ/8+9C0BeDBjIfDvQ7D/6vu292TZK4Ng=", "last_login": "2023-07-24T12:26:26.109Z", "is_superuser": true, "username": "Dell", "first_name": "", "last_name": "", "email": "mwrgdesmond@gmail.com", "is_staff": true, "is_active": true, "date_joined": "2023-06-18T15:12:04.842Z", "groups": [], "user_permissions": []}}, {"model": "auth.user", "pk": 26, "fields": {"password": "pbkdf2_sha256$320000$xP0zWWCoUoinszLjjRsCKt$c9YHi4ZESDzTTxA2t/Mzgn9F3IMTI8x0sr6Mz9Bh51s=", "last_login": "2023-06-21T09:18:47.282Z", "is_superuser": true, "username": "betty@101", "first_name": "", "last_name": "", "email": "mikamibetty@gmail.com", "is_staff": true, "is_active": true, "date_joined": "2023-06-21T09:01:49.036Z", "groups": [], "user_permissions": []}}, {"model": "auth.user", "pk": 27, "fields": {"password": "pbkdf2_sha256$320000$tMu0uoGJb6UYBHUllSwhMW$8xi6ODfzJ+AgGaLp/lTyiIYyJuoBqCIX3MW9fF1jcs8=", "last_login": null, "is_superuser": true, "username": "grace2", "first_name": "", "last_name": "", "email": "grace@gmail.com", "is_staff": true, "is_active": true, "date_joined": "2023-06-21T09:03:55.352Z", "groups": [], "user_permissions": []}}, {"model": "auth.user", "pk": 28, "fields": {"password": "pbkdf2_sha256$320000$o2Y6dBbLcwRCs0AfVNA4Ec$c1DoMdBMCKhDozGJ0xhy5dDkZU5xBlIkj534BvIt2TY=", "last_login": "2023-06-21T13:09:34.822Z", "is_superuser": false, "username": "blue", "first_name": "blue", "last_name": "band", "email": "blueband@gmail.com", "is_staff": false, "is_active": true, "date_joined": "2023-06-21T13:08:51.734Z", "groups": [], "user_permissions": []}}, {"model": "auth.user", "pk": 29, "fields": {"password": "pbkdf2_sha256$320000$zvBcQGiNjEubveZI07boc1$UIQx2WwqhKjakBIHCce01oi2imgFBn41XXoDQoP7958=", "last_login": "2023-06-22T12:03:57.242Z", "is_superuser": false, "username": "danko", "first_name": "dell", "last_name": "Hp", "email": "mwirgdesmond@gmail.com", "is_staff": false, "is_active": true, "date_joined": "2023-06-22T12:03:33.946Z", "groups": [], "user_permissions": []}}, {"model": "auth.user", "pk": 30, "fields": {"password": "pbkdf2_sha256$320000$4HmsZLpMwTeHv2bBqgQCdQ$wdDzIGeoGgpkTyjixCOmN94mTU/SKi6HYV0YCt0hxrE=", "last_login": "2023-06-23T09:58:09.187Z", "is_superuser": true, "username": "konv", "first_name": "isaac", "last_name": "omondi", "email": "isaacomondi@gmail.com", "is_staff": true, "is_active": true, "date_joined": "2023-06-23T05:47:39Z", "groups": [], "user_permissions": []}}, {"model": "auth.user", "pk": 31, "fields": {"password": "pbkdf2_sha256$320000$xRrPEADhhGC16sptKqWONk$+06bt13YX6mJmnKwSBNZ6JHRREtqON1B8ncHJNxay1w=", "last_login": "2023-07-21T16:58:46.337Z", "is_superuser": false, "username": "kingori", "first_name": "Doctor", "last_name": "Kingori", "email": "drking@gmail.com", "is_staff": true, "is_active": true, "date_joined": "2023-07-21T16:56:16Z", "groups": [], "user_permissions": []}}, {"model": "contenttypes.contenttype", "pk": 1, "fields": {"app_label": "admin", "model": "logentry"}}, {"model": "contenttypes.contenttype", "pk": 2, "fields": {"app_label": "auth", "model": "permission"}}, {"model": "contenttypes.contenttype", "pk": 3, "fields": {"app_label": "auth", "model": "group"}}, {"model": "contenttypes.contenttype", "pk": 4, "fields": {"app_label": "auth", "model": "user"}}, {"model": "contenttypes.contenttype", "pk": 5, "fields": {"app_label": "contenttypes", "model": "contenttype"}}, {"model": "contenttypes.contenttype", "pk": 6, "fields": {"app_label": "sessions", "model": "session"}}, {"model": "contenttypes.contenttype", "pk": 7, "fields": {"app_label": "home", "model": "userextend"}}, {"model": "contenttypes.contenttype", "pk": 8, "fields": {"app_label": "home", "model": "issuebook"}}, {"model": "contenttypes.contenttype", "pk": 9, "fields": {"app_label": "home", "model": "addbook"}}, {"model": "contenttypes.contenttype", "pk": 10, "fields": {"app_label": "home", "model": "returnbook"}}, {"model": "contenttypes.contenttype", "pk": 11, "fields": {"app_label": "home", "model": "addstudent"}}, {"model": "contenttypes.contenttype", "pk": 12, "fields": {"app_label": "home", "model": "student"}}, {"model": "contenttypes.contenttype", "pk": 13, "fields": {"app_label": "home", "model": "mybook"}}, {"model": "contenttypes.contenttype", "pk": 14, "fields": {"app_label": "home", "model": "mybooks"}}, {"model": "contenttypes.contenttype", "pk": 15, "fields": {"app_label": "home", "model": "usergroup"}}, {"model": "contenttypes.contenttype", "pk": 16, "fields": {"app_label": "home", "model": "readbook"}}, {"model": "contenttypes.contenttype", "pk": 17, "fields": {"app_label": "home", "model": "borrowedbook"}}, {"model": "contenttypes.contenttype", "pk": 18, "fields": {"app_label": "home", "model": "rating"}}, {"model": "contenttypes.contenttype", "pk": 19, "fields": {"app_label": "home", "model": "category"}}, {"model": "contenttypes.contenttype", "pk": 20, "fields": {"app_label": "home", "model": "categorys"}}, {"model": "contenttypes.contenttype", "pk": 21, "fields": {"app_label": "home", "model": "reading"}}, {"model": "contenttypes.contenttype", "pk": 22, "fields": {"app_label": "home", "model": "notification"}}, {"model": "sessions.session", "pk": "1kuqfb1nu9futwot7e3brc7r30hkyonk", "fields": {"session_data": ".eJxVjEsOwjAMBe-SNYqq2k1dluw5Q-TYDimgVOpnhbg7VOoCtm9m3stF3tYSt8XmOKo7O3Sn3y2xPKzuQO9cb5OXqa7zmPyu-IMu_jqpPS-H-3dQeCnfmnAgYekCYJsa1p67hkgIOiBktJ4HCmaWMECLkDkYsJqIqkHW7N4f37840w:1qCh2U:ydykrHP6o2ZILeb8ilUetTB1f_aT2vceLIeIOHglKIA", "expire_date": "2023-07-07T13:41:26.701Z"}}, {"model": "sessions.session", "pk": "23ro4hqtc2y38a7pdjp09b02oxqrd6r9", "fields": {"session_data": ".eJxVjDsOwjAQRO_iGll4NyY2JX3OEO3HwQFkS_lUiLuTSCmgG817M2_T07rkfp3T1I9qrga8Of2WTPJMZSf6oHKvVmpZppHtrtiDzrarml63w_07yDTnbS0J6dwGZg_eDQAOW0ECGJyPDQxe5EIRcQusjSiihxC5iaoutM6x-XwBAPA3yQ:1qJ9ZU:GupyVnM_5Yo2lgN7HS0Qg2Ty9vtsUirPi8fEfIKyhKs", "expire_date": "2023-07-25T09:22:12.691Z"}}, {"model": "sessions.session", "pk": "2a9373qyxdzbqasfle8czqnnux1hv749", "fields": {"session_data": ".eJxVjs0KwjAQhN8lZwlmt2sTj959hrI_ia1KC_05ie9uC0X0Nsx8M8zLNbzMbbNMeWw6c2cH5A6_prA-cr8lduf-Nngd-nnsxG-I39PJXwfLz8vO_g20PLVrWzPysY4iBBQKQMBakQFKoFRBIdUTJ8RViFVqiAQxSZXMQqxDkHX0exLo_QHxLjvF:1qNudu:Gm8RDkayiyqoAvAEjO-n4ksQJC9QxbNLRoV_Kpzgp64", "expire_date": "2023-08-07T12:26:26.120Z"}}, {"model": "sessions.session", "pk": "49q9hvjheauif50h3rflmo8yh4kekh6e", "fields": {"session_data": "e30:1q8ebv:W0fMCAcMcH-TIgjNELBFXxJveEPWa3KxK6TDAhWqb_g", "expire_date": "2023-06-26T10:17:19.782Z"}}, {"model": "sessions.session", "pk": "4b3te3sgcmpw9x7c44oi3afu2zw742og", "fields": {"session_data": "ZmMzNjY5OWNlNzNmOGZjZTNmNDUwYzUxMWYyMjAwZmVjMTU5Y2FlZDp7Il9hdXRoX3VzZXJfaWQiOiIyIiwiX2F1dGhfdXNlcl9iYWNrZW5kIjoiZGphbmdvLmNvbnRyaWIuYXV0aC5iYWNrZW5kcy5Nb2RlbEJhY2tlbmQiLCJfYXV0aF91c2VyX2hhc2giOiI5MGQ2NmM2MzVkMTZmZmM2YjZjMDU3NjkxMjQzMjU5Y2I5ZGRmMjRiIiwiaXNfbG9nZ2VkIjp0cnVlLCJ1c2VyX2lkIjoyfQ==", "expire_date": "2021-08-20T11:50:01.244Z"}}, {"model": "sessions.session", "pk": "4cdyelmvccipsxkinqpztqfqltbqo0gr", "fields": {"session_data": ".eJxVjDsOwyAQRO9CHSF-FpAyfc6AdtklOImwZOzKyt1jSy6SKee9mU0kWJea1s5zGklchROX3w4hv7gdgJ7QHpPMU1vmEeWhyJN2eZ-I37fT_Tuo0Ou-Vj6yoT0Ys7ak9QAZsVjP0apIRilDXEpAPfhAgcEVrwMZ63VUEZz4fAEDiDg2:1qEvfi:cWgb--BDhaMiSB3rg6u6p1k7lrDYFL6uHngRSo_thdA", "expire_date": "2023-07-13T17:43:10.775Z"}}, {"model": "sessions.session", "pk": "50czz2ud6lcee88q6gbzny6021jz80ay", "fields": {"session_data": ".eJxVjEEOwiAQRe_C2pDADFBcuvcMzZQZpGogKe3KeHdt0oVu_3vvv9RI21rGrcsyzqzOCtXpd5soPaTugO9Ub02nVtdlnvSu6IN2fW0sz8vh_h0U6uVb2xx8FoMCITghb6cIkAHJpRgtJvACggN5jASEgpY9G8fOysAmsXp_ANyEN-I:1q1obt:NE86_YfZ-z6QeomlwD2w9vqBAJnXKxnS_WceL5U6BIQ", "expire_date": "2023-06-07T13:33:01.613Z"}}, {"model": "sessions.session", "pk": "6nae2ob389cja6tse87gwl3dx4scsgya", "fields": {"session_data": ".eJxVjDsOwjAQRO_iGll4NyY2JX3OEO3HwQFkS_lUiLuTSCmgG817M2_T07rkfp3T1I9qrga8Of2WTPJMZSf6oHKvVmpZppHtrtiDzrarml63w_07yDTnbS0J6dwGZg_eDQAOW0ECGJyPDQxe5EIRcQusjSiihxC5iaoutM6x-XwBAPA3yQ:1qIjzy:b_ccADwFqq-iG2o678mZ9u4ktcmpDejoDwC98V7uj7g", "expire_date": "2023-07-24T06:03:50.100Z"}}, {"model": "sessions.session", "pk": "7rl2omakx7zoo2mxtl66j3fwf7e9903o", "fields": {"session_data": ".eJxVjs0KgzAQhN8lZwnirjH22HufIWx2159WDBg9Sd-9ClLa68w3H7ObQNs6hC3rEkYxN4Om-M0i8Uvns5AnzX2ynOZ1GaM9EXu12T6S6HS_2D_BQHk41h5bz8S1A6xiSdJQXXrPHmrwSKgNtd6pakQHFUJHToFEmUUUOukO6ZjDlPpejzPrsmlhvqfx_QHiOUKz:1q3W1u:P_BxZlvb4lX9e7uTCtwyZJjmKazEKZVHZKaE1VXApUI", "expire_date": "2023-06-12T06:06:54.541Z"}}, {"model": "sessions.session", "pk": "8fjokdepyoteiy1v5v9o8c3xvs5nrdvf", "fields": {"session_data": ".eJxVjs0KwjAQhN8lZwlmt2sTj959hrI_ia1KC_05ie9uC0X0Nsx8M8zLNbzMbbNMeWw6c2cH5A6_prA-cr8lduf-Nngd-nnsxG-I39PJXwfLz8vO_g20PLVrWzPysY4iBBQKQMBakQFKoFRBIdUTJ8RViFVqiAQxSZXMQqxDkHX0exLo_QHxLjvF:1qLHtg:4TYNpkVCLVf2L38oBIl8SS7UpgbllT6oBXi1DILWCHc", "expire_date": "2023-07-31T06:39:52.012Z"}}, {"model": "sessions.session", "pk": "946aj65d2ew5dv8hrtf6jc61c1evd4j4", "fields": {"session_data": ".eJxVjDsOwjAQRO_iGll4NyY2JX3OEO3HwQFkS_lUiLuTSCmgG817M2_T07rkfp3T1I9qrga8Of2WTPJMZSf6oHKvVmpZppHtrtiDzrarml63w_07yDTnbS0J6dwGZg_eDQAOW0ECGJyPDQxe5EIRcQusjSiihxC5iaoutM6x-XwBAPA3yQ:1qImbr:xQ4JA9UIfuz1w1UieV8SDGCL4ePzi3WeUkYB9E451-w", "expire_date": "2023-07-24T08:51:07.368Z"}}, {"model": "sessions.session", "pk": "9ifoyc6q9vil2zay5arp3snhw1m5kebz", "fields": {"session_data": ".eJxVjs0KgzAQhN8lZwnirjH22HufIWx2159WDBg9Sd-9ClLa68w3H7ObQNs6hC3rEkYxN4Om-M0i8Uvns5AnzX2ynOZ1GaM9EXu12T6S6HS_2D_BQHk41h5bz8S1A6xiSdJQXXrPHmrwSKgNtd6pakQHFUJHToFEmUUUOukO6ZjDlPpejzPrsmlhvqfx_QHiOUKz:1qBWOi:uJX0gzKO9WjHnhEotmcyxBqiG7iYdcJCWjc51XRbvGs", "expire_date": "2023-07-04T08:07:32.139Z"}}, {"model": "sessions.session", "pk": "9tv5whbcw4aa1fjujx5n16hdr767m0ay", "fields": {"session_data": "e30:1q9nq2:jG-Z3ExrgI1Vy5w-JjbD7g-tYktjOva7vUjRck3aTR8", "expire_date": "2023-06-29T14:20:38.260Z"}}, {"model": "sessions.session", "pk": "anz0946id6ipun0dasgatqnzewc64jyg", "fields": {"session_data": "ZmMzNjY5OWNlNzNmOGZjZTNmNDUwYzUxMWYyMjAwZmVjMTU5Y2FlZDp7Il9hdXRoX3VzZXJfaWQiOiIyIiwiX2F1dGhfdXNlcl9iYWNrZW5kIjoiZGphbmdvLmNvbnRyaWIuYXV0aC5iYWNrZW5kcy5Nb2RlbEJhY2tlbmQiLCJfYXV0aF91c2VyX2hhc2giOiI5MGQ2NmM2MzVkMTZmZmM2YjZjMDU3NjkxMjQzMjU5Y2I5ZGRmMjRiIiwiaXNfbG9nZ2VkIjp0cnVlLCJ1c2VyX2lkIjoyfQ==", "expire_date": "2021-08-11T13:26:40.175Z"}}, {"model": "sessions.session", "pk": "aqo9190bo7mil96qrhtnux86ehmw1idx", "fields": {"session_data": "e30:1qBtHm:MRo1pjK46yvXOPtVDjBezMLOyxt5-66Ew6PkB6S4w0o", "expire_date": "2023-07-05T08:33:54.795Z"}}, {"model": "sessions.session", "pk": "ascttljoscpowfs69d6lk6xzwphxp3zp", "fields": {"session_data": ".eJxVjEsOwjAMBe-SNYqq2k1dluw5Q-TYDimgVOpnhbg7VOoCtm9m3stF3tYSt8XmOKo7O3Sn3y2xPKzuQO9cb5OXqa7zmPyu-IMu_jqpPS-H-3dQeCnfmnAgYekCYJsa1p67hkgIOiBktJ4HCmaWMECLkDkYsJqIqkHW7N4f37840w:1qCJ3P:YT9dGbf3z8JGWx4EY06xeDCIKA4pFz3LUsx7d1KA0GQ", "expire_date": "2023-07-06T12:04:47.589Z"}}, {"model": "sessions.session", "pk": "b5rzllzjmwsau8ocp7mvpcjwkukd6aco", "fields": {"session_data": ".eJxVjs0KwjAQhN8lZwlmt2sTj959hrI_ia1KC_05ie9uC0X0Nsx8M8zLNbzMbbNMeWw6c2cH5A6_prA-cr8lduf-Nngd-nnsxG-I39PJXwfLz8vO_g20PLVrWzPysY4iBBQKQMBakQFKoFRBIdUTJ8RViFVqiAQxSZXMQqxDkHX0exLo_QHxLjvF:1qJvWZ:kInwu1HqvYWfYbOAxPtVyX33jq66l_5RmTKAA6K0Ll0", "expire_date": "2023-07-27T12:34:23.496Z"}}, {"model": "sessions.session", "pk": "bf97pofew6nl4ltjq4ookk6wfdkv6bj6", "fields": {"session_data": ".eJxVjDsOwjAQRO_iGll4NyY2JX3OEO3HwQFkS_lUiLuTSCmgG817M2_T07rkfp3T1I9qrga8Of2WTPJMZSf6oHKvVmpZppHtrtiDzrarml63w_07yDTnbS0J6dwGZg_eDQAOW0ECGJyPDQxe5EIRcQusjSiihxC5iaoutM6x-XwBAPA3yQ:1qGE1d:dqRAE1gOWUaMIcJWdTc0dmUHEzAorbTmJy-aX1XpUWs", "expire_date": "2023-07-17T07:31:09.292Z"}}, {"model": "sessions.session", "pk": "bp3ka5rpri0on1m4p01igk3sxwfqn1ug", "fields": {"session_data": ".eJxVjksOgzAMRO-SdRUhbILpsvueIXJs82krIhFYVb17QWLRbufNPM3bRd7WMW7Fljipuzp0l98ssTxtPoA-eB6ylzyvy5T8UfEnLf6e1V63s_snGLmM-5qwI2FpAmCdKtaWm4pICBogZLSWOwpmljBAjdBzMGA1EVWDXvtdOpX4ysNg-5l12ezzBdfZPuo:1q9nqb:EKPMhR5NtTXxiRF2KumJcc7s4H8f06R2Lw_rFveXwh0", "expire_date": "2023-06-29T14:21:13.151Z"}}, {"model": "sessions.session", "pk": "cbajpd34gyc7nebetcv4yanxdcampsd4", "fields": {"session_data": ".eJxVjs0KwjAQhN8lZwlmt2sTj959hrI_ia1KC_05ie9uC0X0Nsx8M8zLNbzMbbNMeWw6c2cH5A6_prA-cr8lduf-Nngd-nnsxG-I39PJXwfLz8vO_g20PLVrWzPysY4iBBQKQMBakQFKoFRBIdUTJ8RViFVqiAQxSZXMQqxDkHX0exLo_QHxLjvF:1qNAXV:6cJHuCfm8PiNCw4ngGkkwNC-3ldOzto3UBThNewRlis", "expire_date": "2023-08-05T11:12:45.404Z"}}, {"model": "sessions.session", "pk": "cpj6p7692d3rw8yno2tygnxtir42hehj", "fields": {"session_data": ".eJxVjksOgzAMRO-SdRUhbILpsvueIXJs82krIhFYVb17QWLRbufNPM3bRd7WMW7Fljipuzp0l98ssTxtPoA-eB6ylzyvy5T8UfEnLf6e1V63s_snGLmM-5qwI2FpAmCdKtaWm4pICBogZLSWOwpmljBAjdBzMGA1EVWDXvtdOpX4ysNg-5l12ezzBdfZPuo:1q8hI5:ybDWc26d2YbK4R8NrFDP1h2kSltGD-sloYT57JKvIqY", "expire_date": "2023-06-26T13:09:01.227Z"}}, {"model": "sessions.session", "pk": "d2utw9dp7wo94jg0ozq8f0rds8d26iul", "fields": {"session_data": ".eJxVjDsOwjAQRO_iGll4NyY2JX3OEO3HwQFkS_lUiLuTSCmgG817M2_T07rkfp3T1I9qrga8Of2WTPJMZSf6oHKvVmpZppHtrtiDzrarml63w_07yDTnbS0J6dwGZg_eDQAOW0ECGJyPDQxe5EIRcQusjSiihxC5iaoutM6x-XwBAPA3yQ:1qGaWR:-ZjlqYY98GcBJmBKWI5ELVjkGVPqk8B1EFFc3q7vJsg", "expire_date": "2023-07-18T07:32:27.184Z"}}, {"model": "sessions.session", "pk": "e2s7gf5dlogt35e6hmhvvci4w5ehgr07", "fields": {"session_data": ".eJxVjEEOwiAQRe_C2pAyHUpx6d4zkIGZStVAUtqV8e7apAvd_vfef6lA25rD1mQJM6uzQnX63SKlh5Qd8J3KrepUy7rMUe-KPmjT18ryvBzu30Gmlr81ATKMAyLLaIi8I98bdN0kCOCsw6EzkwXLCNa7TkQmBjP0ksZkGKN6fwDCtzdF:1qEDSV:n0YqPNFDFS1iTvQPYT7ZwxBy5EgNC53iRq1DeqE_p7Y", "expire_date": "2023-07-11T18:30:35.292Z"}}, {"model": "sessions.session", "pk": "f29gatcqeg09wh72xr4f96vj9u189z5v", "fields": {"session_data": "ZmMzNjY5OWNlNzNmOGZjZTNmNDUwYzUxMWYyMjAwZmVjMTU5Y2FlZDp7Il9hdXRoX3VzZXJfaWQiOiIyIiwiX2F1dGhfdXNlcl9iYWNrZW5kIjoiZGphbmdvLmNvbnRyaWIuYXV0aC5iYWNrZW5kcy5Nb2RlbEJhY2tlbmQiLCJfYXV0aF91c2VyX2hhc2giOiI5MGQ2NmM2MzVkMTZmZmM2YjZjMDU3NjkxMjQzMjU5Y2I5ZGRmMjRiIiwiaXNfbG9nZ2VkIjp0cnVlLCJ1c2VyX2lkIjoyfQ==", "expire_date": "2021-08-20T11:03:43.220Z"}}, {"model": "sessions.session", "pk": "gf6ryazp4kcu4ppt2jq6gtmi0dpt9ygn", "fields": {"session_data": ".eJxVjEsOwjAMBe-SNYqq2k1dluw5Q-TYDimgVOpnhbg7VOoCtm9m3stF3tYSt8XmOKo7O3Sn3y2xPKzuQO9cb5OXqa7zmPyu-IMu_jqpPS-H-3dQeCnfmnAgYekCYJsa1p67hkgIOiBktJ4HCmaWMECLkDkYsJqIqkHW7N4f37840w:1q8eip:NGJ6_mOfr2_I5ud7zDvEa1adAyi5HajWF_Ppym-hOTQ", "expire_date": "2023-06-26T10:24:27.770Z"}}, {"model": "sessions.session", "pk": "gl0a6h20q4aovre8t8ozywn2bw821h7c", "fields": {"session_data": ".eJxVjEsOwjAMBe-SNYqq2k1dluw5Q-TYDimgVOpnhbg7VOoCtm9m3stF3tYSt8XmOKo7O3Sn3y2xPKzuQO9cb5OXqa7zmPyu-IMu_jqpPS-H-3dQeCnfmnAgYekCYJsa1p67hkgIOiBktJ4HCmaWMECLkDkYsJqIqkHW7N4f37840w:1q3u3g:Lcpl0Yo8JIB9AHbKbeKpnMSS8mq_s11gqCn8Q-xW5_4", "expire_date": "2023-06-13T07:46:20.912Z"}}, {"model": "sessions.session", "pk": "h5d423bda8g2uabk0hexllhbexcvdeky", "fields": {"session_data": ".eJxVjDsOwyAQRO9CHSF-FpAyfc6AdtklOImwZOzKyt1jSy6SKee9mU0kWJea1s5zGklchROX3w4hv7gdgJ7QHpPMU1vmEeWhyJN2eZ-I37fT_Tuo0Ou-Vj6yoT0Ys7ak9QAZsVjP0apIRilDXEpAPfhAgcEVrwMZ63VUEZz4fAEDiDg2:1qEsTF:sw_gzajGKvOAOREg4XchwUUAhjRKP-mgXXWAtM8DrlI", "expire_date": "2023-07-13T14:18:05.514Z"}}, {"model": "sessions.session", "pk": "hagbkyjuf1de6n2p6efwokyk0734rztj", "fields": {"session_data": "ZmMzNjY5OWNlNzNmOGZjZTNmNDUwYzUxMWYyMjAwZmVjMTU5Y2FlZDp7Il9hdXRoX3VzZXJfaWQiOiIyIiwiX2F1dGhfdXNlcl9iYWNrZW5kIjoiZGphbmdvLmNvbnRyaWIuYXV0aC5iYWNrZW5kcy5Nb2RlbEJhY2tlbmQiLCJfYXV0aF91c2VyX2hhc2giOiI5MGQ2NmM2MzVkMTZmZmM2YjZjMDU3NjkxMjQzMjU5Y2I5ZGRmMjRiIiwiaXNfbG9nZ2VkIjp0cnVlLCJ1c2VyX2lkIjoyfQ==", "expire_date": "2021-08-10T18:03:30.608Z"}}, {"model": "sessions.session", "pk": "imzg1vvaaom18pniawg8w3qgbv21a088", "fields": {"session_data": ".eJxVjEsOwjAMBe-SNYqq2k1dluw5Q-TYDimgVOpnhbg7VOoCtm9m3stF3tYSt8XmOKo7O3Sn3y2xPKzuQO9cb5OXqa7zmPyu-IMu_jqpPS-H-3dQeCnfmnAgYekCYJsa1p67hkgIOiBktJ4HCmaWMECLkDkYsJqIqkHW7N4f37840w:1qByF2:5IhnBE_rcCrhhwJs4D1zKgd5w3sBUSAbJDOHNHPdu-Q", "expire_date": "2023-07-05T13:51:24.263Z"}}, {"model": "sessions.session", "pk": "jilj9oidy3u15qe1cwhzxmqeq0ceo3rd", "fields": {"session_data": "ZmMzNjY5OWNlNzNmOGZjZTNmNDUwYzUxMWYyMjAwZmVjMTU5Y2FlZDp7Il9hdXRoX3VzZXJfaWQiOiIyIiwiX2F1dGhfdXNlcl9iYWNrZW5kIjoiZGphbmdvLmNvbnRyaWIuYXV0aC5iYWNrZW5kcy5Nb2RlbEJhY2tlbmQiLCJfYXV0aF91c2VyX2hhc2giOiI5MGQ2NmM2MzVkMTZmZmM2YjZjMDU3NjkxMjQzMjU5Y2I5ZGRmMjRiIiwiaXNfbG9nZ2VkIjp0cnVlLCJ1c2VyX2lkIjoyfQ==", "expire_date": "2021-08-07T19:16:00.153Z"}}, {"model": "sessions.session", "pk": "jmbwhfcvey8uewjj0ygqo81qiw4ntfji", "fields": {"session_data": ".eJxVjEsOwjAMBe-SNYqq2k1dluw5Q-TYDimgVOpnhbg7VOoCtm9m3stF3tYSt8XmOKo7O3Sn3y2xPKzuQO9cb5OXqa7zmPyu-IMu_jqpPS-H-3dQeCnfmnAgYekCYJsa1p67hkgIOiBktJ4HCmaWMECLkDkYsJqIqkHW7N4f37840w:1qE2rp:sXWidPiF7NQKIU4MaVUXRomIV26nUpNnukDSus259FM", "expire_date": "2023-07-11T07:12:01.619Z"}}, {"model": "sessions.session", "pk": "k395ctndxwdu1smlkbl9l5y0ngnj1py5", "fields": {"session_data": ".eJxVjDsOwjAQRO_iGll4NyY2JX3OEO3HwQFkS_lUiLuTSCmgG817M2_T07rkfp3T1I9qrga8Of2WTPJMZSf6oHKvVmpZppHtrtiDzrarml63w_07yDTnbS0J6dwGZg_eDQAOW0ECGJyPDQxe5EIRcQusjSiihxC5iaoutM6x-XwBAPA3yQ:1qHHpb:5LxC9s4A0GVjbGKUvZM569XIgwaQDV35otp5SMsBpgA", "expire_date": "2023-07-20T05:47:07.483Z"}}, {"model": "sessions.session", "pk": "kuzuy01ykckmmycjdxmve71si2vd6nhk", "fields": {"session_data": ".eJxVjksOgzAMRO-SdRUhbILpsvueIXJs82krIhFYVb17QWLRbufNPM3bRd7WMW7Fljipuzp0l98ssTxtPoA-eB6ylzyvy5T8UfEnLf6e1V63s_snGLmM-5qwI2FpAmCdKtaWm4pICBogZLSWOwpmljBAjdBzMGA1EVWDXvtdOpX4ysNg-5l12ezzBdfZPuo:1q8z1H:a1tIAm3LQpyVaFuhWNtj2YtyMnulsWtPf30V8fSGdio", "expire_date": "2023-06-27T08:04:51.682Z"}}, {"model": "sessions.session", "pk": "m2nq1ih4z7p7l34djtidhg70ssfifbkz", "fields": {"session_data": ".eJxVjDsOwjAQRO_iGll4NyY2JX3OEO3HwQFkS_lUiLuTSCmgG817M2_T07rkfp3T1I9qrga8Of2WTPJMZSf6oHKvVmpZppHtrtiDzrarml63w_07yDTnbS0J6dwGZg_eDQAOW0ECGJyPDQxe5EIRcQusjSiihxC5iaoutM6x-XwBAPA3yQ:1qGaCK:mX79HBVVVZ2JQb_kGw5LNp0Zq8UIXHhWzSxlHYxrOG0", "expire_date": "2023-07-18T07:11:40.143Z"}}, {"model": "sessions.session", "pk": "malep83mpgsu2sar2k3zq17q1q1uvqai", "fields": {"session_data": ".eJxVjEsOwjAMBe-SNYqq2k1dluw5Q-TYDimgVOpnhbg7VOoCtm9m3stF3tYSt8XmOKo7O3Sn3y2xPKzuQO9cb5OXqa7zmPyu-IMu_jqpPS-H-3dQeCnfmnAgYekCYJsa1p67hkgIOiBktJ4HCmaWMECLkDkYsJqIqkHW7N4f37840w:1qDfys:MV8aNNnzgERW7-BDCrVCApqD1iZ18RZlHV_ykqPRmLM", "expire_date": "2023-07-10T06:45:46.384Z"}}, {"model": "sessions.session", "pk": "meauw1yep92j54xnxrd5g8axs8s71ukn", "fields": {"session_data": ".eJxVjs0KgzAQhN8lZwnirjH22HufIWx2159WDBg9Sd-9ClLa68w3H7ObQNs6hC3rEkYxN4Om-M0i8Uvns5AnzX2ynOZ1GaM9EXu12T6S6HS_2D_BQHk41h5bz8S1A6xiSdJQXXrPHmrwSKgNtd6pakQHFUJHToFEmUUUOukO6ZjDlPpejzPrsmlhvqfx_QHiOUKz:1qB8JW:IBXCuij-pgnecKFtxinvh3tegVsBwumBd1YCMbuOYOs", "expire_date": "2023-07-03T06:24:34.256Z"}}, {"model": "sessions.session", "pk": "mghp9mcxc3ymwimv6czlfz8300eqvogj", "fields": {"session_data": ".eJxVjDsOwjAQBe_iGln-xfZS0nMGa71r4wBKpDipEHeHSCmgfTPzXiLhtra09bKkkcVZWCVOv2NGepRpJ3zH6TZLmqd1GbPcFXnQLq8zl-flcP8OGvb2rVVFTToqAjuYTIGBq1HZk3NsogZVbAV0ppasIaC1nsAYN3iOwNkH8f4AB6Q32Q:1qCdYP:1bzb8FQu_NCPnplv4reu3cGvyI0AeycovBDUHkS81yc", "expire_date": "2023-07-07T09:58:09.195Z"}}, {"model": "sessions.session", "pk": "mgpb68aglqv2jhxdgq7vb8g6o46wba5d", "fields": {"session_data": "ZmMzNjY5OWNlNzNmOGZjZTNmNDUwYzUxMWYyMjAwZmVjMTU5Y2FlZDp7Il9hdXRoX3VzZXJfaWQiOiIyIiwiX2F1dGhfdXNlcl9iYWNrZW5kIjoiZGphbmdvLmNvbnRyaWIuYXV0aC5iYWNrZW5kcy5Nb2RlbEJhY2tlbmQiLCJfYXV0aF91c2VyX2hhc2giOiI5MGQ2NmM2MzVkMTZmZmM2YjZjMDU3NjkxMjQzMjU5Y2I5ZGRmMjRiIiwiaXNfbG9nZ2VkIjp0cnVlLCJ1c2VyX2lkIjoyfQ==", "expire_date": "2021-08-10T18:58:43.920Z"}}, {"model": "sessions.session", "pk": "o1qsjwznkbyqrtgd39rpowqxg24rrf5v", "fields": {"session_data": ".eJxVjs0KwjAQhN8lZwlmt2sTj959hrI_ia1KC_05ie9uC0X0Nsx8M8zLNbzMbbNMeWw6c2cH5A6_prA-cr8lduf-Nngd-nnsxG-I39PJXwfLz8vO_g20PLVrWzPysY4iBBQKQMBakQFKoFRBIdUTJ8RViFVqiAQxSZXMQqxDkHX0exLo_QHxLjvF:1qLiy9:aTqZVtTdPV4mCm27bQ4THGSaQcpiML7JEmm4P613dB0", "expire_date": "2023-08-01T11:34:17.954Z"}}, {"model": "sessions.session", "pk": "pd4fn25qorm4ujx9ffapt8d92wl3tgh8", "fields": {"session_data": ".eJxVjs0KgzAQhN8lZwnNrltNj737DGGTjT-tGDB6Kn33RpDS3oaZb4Z5Kcf7Nro9x9VNom4KSFW_pufwjMuRyIOXIemQlm2dvD4QfaZZd0nifD_Zv4GR81jaISJfmtZ7AjI9gMEmIAP0hmwNPYVwZYtYhJc6CCJBa31tRUzbGOPL6JTdnIYhljPbusdKfV8DvT8m2EHc:1qAulk:S9RLn6d0tpXj41rjJw1dowUXD-3yZcDkLQvn3Kq3Rrk", "expire_date": "2023-07-02T15:56:48.787Z"}}, {"model": "sessions.session", "pk": "qp8rldwmdmu7hpoooooptyfqn1vcy3iv", "fields": {"session_data": ".eJxVjEsOwjAMBe-SNYqq2k1dluw5Q-TYDimgVOpnhbg7VOoCtm9m3stF3tYSt8XmOKo7O3Sn3y2xPKzuQO9cb5OXqa7zmPyu-IMu_jqpPS-H-3dQeCnfmnAgYekCYJsa1p67hkgIOiBktJ4HCmaWMECLkDkYsJqIqkHW7N4f37840w:1qD170:e55SdOKeqK0fwM908KuYcZPvfQokQxrqPiMnieR4OAY", "expire_date": "2023-07-08T11:07:26.827Z"}}, {"model": "sessions.session", "pk": "rgei7gztapo2u4zurdlqml4i7mqjqdgh", "fields": {"session_data": ".eJxVjs0KgzAQhN8lZwnirjH22HufIWx2159WDBg9Sd-9ClLa68w3H7ObQNs6hC3rEkYxN4Om-M0i8Uvns5AnzX2ynOZ1GaM9EXu12T6S6HS_2D_BQHk41h5bz8S1A6xiSdJQXXrPHmrwSKgNtd6pakQHFUJHToFEmUUUOukO6ZjDlPpejzPrsmlhvqfx_QHiOUKz:1qA2zL:7UQ15Xar9g6qPhOdWXs64RX4jppL5Zh64f40_abd4lQ", "expire_date": "2023-06-30T06:31:15.081Z"}}, {"model": "sessions.session", "pk": "szuwnem3otxkmlzhmd0vxee2ywpttxyo", "fields": {"session_data": ".eJxVjs0KgzAQhN8lZwnirjH22HufIWx2159WDBg9Sd-9ClLa68w3H7ObQNs6hC3rEkYxN4Om-M0i8Uvns5AnzX2ynOZ1GaM9EXu12T6S6HS_2D_BQHk41h5bz8S1A6xiSdJQXXrPHmrwSKgNtd6pakQHFUJHToFEmUUUOukO6ZjDlPpejzPrsmlhvqfx_QHiOUKz:1qA68c:NjIBWzzMScO5oaEQVEVQR467sNTTmh9mRTu7YQ_8iS0", "expire_date": "2023-06-30T09:53:02.557Z"}}, {"model": "sessions.session", "pk": "tmog260gt0eyncb4xk6ay91ozp77qukd", "fields": {"session_data": ".eJxVjksOgzAMRO-SdRUhbILpsvueIXJs82krIhFYVb17QWLRbufNPM3bRd7WMW7Fljipuzp0l98ssTxtPoA-eB6ylzyvy5T8UfEnLf6e1V63s_snGLmM-5qwI2FpAmCdKtaWm4pICBogZLSWOwpmljBAjdBzMGA1EVWDXvtdOpX4ysNg-5l12ezzBdfZPuo:1qA2II:2TOEaut8bPUoYYH-TgCHR6BgXU2_naQSEg49x3JAxq4", "expire_date": "2023-06-30T05:46:46.626Z"}}, {"model": "sessions.session", "pk": "u02fy65adofj4bgz3l9hx5nw7td2mnks", "fields": {"session_data": ".eJxVjksOgzAMRO-SdRUhbILpsvueIXJs82krIhFYVb17QWLRbufNPM3bRd7WMW7Fljipuzp0l98ssTxtPoA-eB6ylzyvy5T8UfEnLf6e1V63s_snGLmM-5qwI2FpAmCdKtaWm4pICBogZLSWOwpmljBAjdBzMGA1EVWDXvtdOpX4ysNg-5l12ezzBdfZPuo:1q9Nfb:GwIPJldpjk0ttuKrbmdflVTYtXm5o4tCsIKM7bbj1JY", "expire_date": "2023-06-28T10:24:07.735Z"}}, {"model": "sessions.session", "pk": "u39t4dn6inp5ifxm61agk9yj5dgl8obl", "fields": {"session_data": "ZmMzNjY5OWNlNzNmOGZjZTNmNDUwYzUxMWYyMjAwZmVjMTU5Y2FlZDp7Il9hdXRoX3VzZXJfaWQiOiIyIiwiX2F1dGhfdXNlcl9iYWNrZW5kIjoiZGphbmdvLmNvbnRyaWIuYXV0aC5iYWNrZW5kcy5Nb2RlbEJhY2tlbmQiLCJfYXV0aF91c2VyX2hhc2giOiI5MGQ2NmM2MzVkMTZmZmM2YjZjMDU3NjkxMjQzMjU5Y2I5ZGRmMjRiIiwiaXNfbG9nZ2VkIjp0cnVlLCJ1c2VyX2lkIjoyfQ==", "expire_date": "2021-08-19T14:26:19.125Z"}}, {"model": "sessions.session", "pk": "v21x5c6ok2sjzu6cl8437xplm1run3f5", "fields": {"session_data": ".eJxVjEsOwjAMBe-SNYqq2k1dluw5Q-TYDimgVOpnhbg7VOoCtm9m3stF3tYSt8XmOKo7O3Sn3y2xPKzuQO9cb5OXqa7zmPyu-IMu_jqpPS-H-3dQeCnfmnAgYekCYJsa1p67hkgIOiBktJ4HCmaWMECLkDkYsJqIqkHW7N4f37840w:1qDq2u:oHOTRuNqdJTZl9RWzYCKXICmIJxu1IFgwlBi81Euz-Y", "expire_date": "2023-07-10T17:30:36.624Z"}}, {"model": "sessions.session", "pk": "wvkse539coyk4xi6vgxyr4562iequtn6", "fields": {"session_data": ".eJxVjEsOwjAMBe-SNYqq2k1dluw5Q-TYDimgVOpnhbg7VOoCtm9m3stF3tYSt8XmOKo7O3Sn3y2xPKzuQO9cb5OXqa7zmPyu-IMu_jqpPS-H-3dQeCnfmnAgYekCYJsa1p67hkgIOiBktJ4HCmaWMECLkDkYsJqIqkHW7N4f37840w:1qDTEy:kwr-kL4V5DXHidkRt-_7YCvLCQe-QN3LZBXSwDscxb0", "expire_date": "2023-07-09T17:09:32.093Z"}}, {"model": "sessions.session", "pk": "wvv5co96zy36aox19t7fqktp2qo7t4lh", "fields": {"session_data": ".eJxVjs0KgzAQhN8lZwnirjH22HufIWx2159WDBg9Sd-9ClLa68w3H7ObQNs6hC3rEkYxN4Om-M0i8Uvns5AnzX2ynOZ1GaM9EXu12T6S6HS_2D_BQHk41h5bz8S1A6xiSdJQXXrPHmrwSKgNtd6pakQHFUJHToFEmUUUOukO6ZjDlPpejzPrsmlhvqfx_QHiOUKz:1qBFd9:WG3RRbJ3bNVzD5tbcJm-H3NuU0M7wDLLsDmzs2DygKQ", "expire_date": "2023-07-03T14:13:19.534Z"}}, {"model": "sessions.session", "pk": "x5829ckn7ednc4sv4i8aouikskt6i231", "fields": {"session_data": ".eJxVjs0KwjAQhN8lZwlmt2sTj959hrI_ia1KC_05ie9uC0X0Nsx8M8zLNbzMbbNMeWw6c2cH5A6_prA-cr8lduf-Nngd-nnsxG-I39PJXwfLz8vO_g20PLVrWzPysY4iBBQKQMBakQFKoFRBIdUTJ8RViFVqiAQxSZXMQqxDkHX0exLo_QHxLjvF:1qMtac:0ye5XnYA_1UKXXNYv4zqxnC7X-81WhqAf7Mcgs--w98", "expire_date": "2023-08-04T17:06:50.234Z"}}, {"model": "sessions.session", "pk": "x6mfyua9qvnkzc29yujbhxx31r00ci8e", "fields": {"session_data": ".eJxVjDsOwjAQRO_iGll4NyY2JX3OEO3HwQFkS_lUiLuTSCmgG817M2_T07rkfp3T1I9qrga8Of2WTPJMZSf6oHKvVmpZppHtrtiDzrarml63w_07yDTnbS0J6dwGZg_eDQAOW0ECGJyPDQxe5EIRcQusjSiihxC5iaoutM6x-XwBAPA3yQ:1qGx8g:kc0-baDeLcCRxgjlSNsLp7cHlc8Jgl3vqcfWqUz9H8E", "expire_date": "2023-07-19T07:41:26.305Z"}}, {"model": "sessions.session", "pk": "xvx55ujfwfpy4nmreyqumghri1n3n274", "fields": {"session_data": ".eJxVjDsOwyAQRO9CHSF-FpAyfc6AdtklOImwZOzKyt1jSy6SKee9mU0kWJea1s5zGklchROX3w4hv7gdgJ7QHpPMU1vmEeWhyJN2eZ-I37fT_Tuo0Ou-Vj6yoT0Ys7ak9QAZsVjP0apIRilDXEpAPfhAgcEVrwMZ63VUEZz4fAEDiDg2:1qGKED:Q-eD-4gYU-h7eg2_8oU9yY9VK6kS2OzovkrtlthNAhg", "expire_date": "2023-07-17T14:08:33.543Z"}}, {"model": "sessions.session", "pk": "zzzmftayykw7d0dimbj4cqkrk0w5ta25", "fields": {"session_data": "ZmMzNjY5OWNlNzNmOGZjZTNmNDUwYzUxMWYyMjAwZmVjMTU5Y2FlZDp7Il9hdXRoX3VzZXJfaWQiOiIyIiwiX2F1dGhfdXNlcl9iYWNrZW5kIjoiZGphbmdvLmNvbnRyaWIuYXV0aC5iYWNrZW5kcy5Nb2RlbEJhY2tlbmQiLCJfYXV0aF91c2VyX2hhc2giOiI5MGQ2NmM2MzVkMTZmZmM2YjZjMDU3NjkxMjQzMjU5Y2I5ZGRmMjRiIiwiaXNfbG9nZ2VkIjp0cnVlLCJ1c2VyX2lkIjoyfQ==", "expire_date": "2021-08-11T07:30:09.184Z"}}, {"model": "home.userextend", "pk": 1, "fields": {"user": 2, "phone": 7649064354, "profile_pic": ""}}, {"model": "home.userextend", "pk": 2, "fields": {"user": 3, "phone": 7487483753, "profile_pic": ""}}, {"model": "home.userextend", "pk": 3, "fields": {"user": 28, "phone": 740524375, "profile_pic": ""}}, {"model": "home.userextend", "pk": 4, "fields": {"user": 29, "phone": 740524375, "profile_pic": ""}}, {"model": "home.userextend", "pk": 5, "fields": {"user": 30, "phone": 740524375, "profile_pic": ""}}, {"model": "home.category", "pk": 1, "fields": {"category_name": "Thriller", "cat_cover": "category_cover/thriller.jfif"}}, {"model": "home.category", "pk": 3, "fields": {"category_name": "Magazines", "cat_cover": "category_cover/magcov.jfif"}}, {"model": "home.category", "pk": 4, "fields": {"category_name": "Training & Development", "cat_cover": "category_cover/training.jfif"}}, {"model": "home.category", "pk": 5, "fields": {"category_name": "Project Management", "cat_cover": "category_cover/proj.png"}}, {"model": "home.category", "pk": 6, "fields": {"category_name": "Research & Development", "cat_cover": "category_cover/search.jfif"}}, {"model": "home.category", "pk": 7, "fields": {"category_name": "Reference Materials", "cat_cover": "category_cover/reff.jfif"}}, {"model": "home.addbook", "pk": 38, "fields": {"user": 1, "bookid": "B23", "bookname": "Booth", "author": "Karen Joy", "location": "23rd floor", "subject": "thriller", "copies": 11, "cover": "book_covers/booth.jfif", "pdf": "", "publisher": "desmond", "libNo": "0001", "edition": "1", "language": "English", "pages": 300, "quantity": 0, "Cat": 1}}, {"model": "home.addbook", "pk": 39, "fields": {"user": 4, "bookid": "B2", "bookname": "Breaking The Oath at Turner Creek", "author": "Desmond Muangiri", "location": "23rd floor", "subject": "\"Breaking The Oath at Turner Creek\" is an intriguing mystery novel set in the small town of Turner Creek. The story revolves around a dark secret that has haunted the town for decades. When a series of unexplained events occur, the protagonist, a determined detective named Jane Turner, is assigned to investigate.\r\n\r\nAs Jane delves deeper into the town's history, she uncovers a web of lies, deceit, and long-buried secrets. The book takes readers on a suspenseful journey as Jane follows clues, interviews suspects, and unravels the truth behind the oath that has been broken.", "copies": 21, "cover": "book_covers/breaking.jfif", "pdf": "", "publisher": "desmond", "libNo": "0001", "edition": "1", "language": "English", "pages": 300, "quantity": 0, "Cat": 1}}, {"model": "home.addbook", "pk": 40, "fields": {"user": 4, "bookid": "C1", "bookname": "Carve Mark", "author": "Veronica Roth", "location": "23rd floor", "subject": "A nice book", "copies": 23, "cover": "book_covers/carve.jfif", "pdf": "", "publisher": "desmond", "libNo": "0001", "edition": "1", "language": "English", "pages": 300, "quantity": 0, "Cat": 1}}, {"model": "home.addbook", "pk": 41, "fields": {"user": 4, "bookid": "C2", "bookname": "Catching Fire", "author": "Suzanne Collins", "location": "23rd floor", "subject": "thriller", "copies": 34, "cover": "book_covers/catching.jfif", "pdf": "", "publisher": "desmond", "libNo": "0001", "edition": "1", "language": "English", "pages": 300, "quantity": 0, "Cat": 1}}, {"model": "home.addbook", "pk": 42, "fields": {"user": 1, "bookid": "E1223", "bookname": "Educated", "author": "Tana Wespover", "location": "23rd floor", "subject": "Thiller", "copies": 18, "cover": "book_covers/educated.jfif", "pdf": "", "publisher": "desmond", "libNo": "0001", "edition": "1", "language": "English", "pages": 300, "quantity": 0, "Cat": 1}}, {"model": "home.addbook", "pk": 43, "fields": {"user": 1, "bookid": "TMF134", "bookname": "The Magic Forest", "author": "Weston Smith", "location": "23rd floor", "subject": "nice one", "copies": 14, "cover": "book_covers/forest.jfif", "pdf": "", "publisher": "desmond", "libNo": "0001", "edition": "1", "language": "English", "pages": 300, "quantity": 0, "Cat": 1}}, {"model": "home.addbook", "pk": 44, "fields": {"user": 1, "bookid": "TGG7356", "bookname": "The greate Gatsby", "author": "F.Scott Frezzer", "location": "23rd floor", "subject": "nice one", "copies": 64, "cover": "book_covers/great.jfif", "pdf": "", "publisher": "desmond", "libNo": "0001", "edition": "1", "language": "English", "pages": 300, "quantity": 0, "Cat": 1}}, {"model": "home.addbook", "pk": 45, "fields": {"user": 1, "bookid": "HP23424", "bookname": "Harry Potter", "author": "J.K Rowling", "location": "23rd floor", "subject": "Nice story", "copies": 23, "cover": "book_covers/harry.jpg", "pdf": "", "publisher": "desmond", "libNo": "0001", "edition": "1", "language": "English", "pages": 300, "quantity": 0, "Cat": 1}}, {"model": "home.addbook", "pk": 46, "fields": {"user": 1, "bookid": "HW2424", "bookname": "Hypocrite World", "author": "Sophia Hill", "location": "23rd floor", "subject": "A good book", "copies": 23, "cover": "book_covers/hypocrite.jfif", "pdf": "", "publisher": "desmond", "libNo": "0001", "edition": "1", "language": "English", "pages": 300, "quantity": 0, "Cat": 1}}, {"model": "home.addbook", "pk": 47, "fields": {"user": 1, "bookid": "B242", "bookname": "Abandoned Kingdom", "author": "Desmond Muangiri", "location": "23rd floor", "subject": "Kingdom book", "copies": 23, "cover": "book_covers/kingdom.jfif", "pdf": "", "publisher": "desmond", "libNo": "0001", "edition": "1", "language": "English", "pages": 300, "quantity": 0, "Cat": 1}}, {"model": "home.addbook", "pk": 48, "fields": {"user": 1, "bookid": "LH234", "bookname": "Lost Hope", "author": "Desmond Hill", "location": "23rd floor", "subject": "Thriller", "copies": 45, "cover": "book_covers/last.jfif", "pdf": "", "publisher": "desmond", "libNo": "0001", "edition": "1", "language": "English", "pages": 300, "quantity": 0, "Cat": 1}}, {"model": "home.addbook", "pk": 49, "fields": {"user": 1, "bookid": "LS32", "bookname": "Lunar Storm", "author": "Desmond", "location": "23rd floor", "subject": "Thriller", "copies": 43, "cover": "book_covers/lunar_storm.jfif", "pdf": "", "publisher": "desmond", "libNo": "0001", "edition": "1", "language": "English", "pages": 300, "quantity": 0, "Cat": 1}}, {"model": "home.addbook", "pk": 50, "fields": {"user": 1, "bookid": "TM378", "bookname": "The Martian", "author": "Andy Wear", "location": "23rd floor", "subject": "Thriller", "copies": 57, "cover": "book_covers/martian.jfif", "pdf": "", "publisher": "desmond", "libNo": "0001", "edition": "1", "language": "English", "pages": 300, "quantity": 0, "Cat": 1}}, {"model": "home.addbook", "pk": 52, "fields": {"user": 1, "bookid": "M1234", "bookname": "Memory", "author": "Desmond Smith", "location": "23rd floor", "subject": "A nice book", "copies": 12, "cover": "book_covers/memory.jfif", "pdf": "", "publisher": "desmond", "libNo": "0001", "edition": "1", "language": "English", "pages": 300, "quantity": 0, "Cat": 1}}, {"model": "home.addbook", "pk": 53, "fields": {"user": 1, "bookid": "R3425", "bookname": "Reckoning", "author": "Pete Aldin", "location": "23rd floor", "subject": "Triller", "copies": 23, "cover": "book_covers/reckoning.jfif", "pdf": "", "publisher": "desmond", "libNo": "0001", "edition": "1", "language": "English", "pages": 300, "quantity": 0, "Cat": 1}}, {"model": "home.addbook", "pk": 54, "fields": {"user": 1, "bookid": "SE34", "bookname": "Sin Eater", "author": "Megan Campisi", "location": "23rd floor", "subject": "A thriller book", "copies": 23, "cover": "book_covers/sin.jfif", "pdf": "", "publisher": "desmond", "libNo": "0001", "edition": "1", "language": "English", "pages": 300, "quantity": 0, "Cat": 1}}, {"model": "home.addbook", "pk": 55, "fields": {"user": 4, "bookid": "TNR242", "bookname": "Tempt New Readers", "author": "Sophia Hill", "location": "23rd floor", "subject": "Triller", "copies": 23, "cover": "book_covers/temp.jfif", "pdf": "", "publisher": "desmond", "libNo": "0001", "edition": "1", "language": "English", "pages": 300, "quantity": 0, "Cat": 1}}, {"model": "home.addbook", "pk": 56, "fields": {"user": 4, "bookid": "W123", "bookname": "Warriors", "author": "Erin Hunter", "location": "23rd floor", "subject": "a thriller", "copies": 21, "cover": "book_covers/warriors.jfif", "pdf": "", "publisher": "desmond", "libNo": "0001", "edition": "1", "language": "English", "pages": 300, "quantity": 0, "Cat": 1}}, {"model": "home.addbook", "pk": 57, "fields": {"user": 4, "bookid": "WSFJ23", "bookname": "Water Statues Fleur Jaeggy", "author": "A. Smith", "location": "23rd floor", "subject": "Thriller", "copies": 23, "cover": "book_covers/wilder.jfif", "pdf": "", "publisher": "desmond", "libNo": "0001", "edition": "1", "language": "English", "pages": 300, "quantity": 0, "Cat": 1}}, {"model": "home.addbook", "pk": 58, "fields": {"user": 1, "bookid": "M123", "bookname": "Mask", "author": "Lauren M.D", "location": "23rd floor", "subject": "Thriller", "copies": 34, "cover": "book_covers/mask_ZWwCx7A.jfif", "pdf": "", "publisher": "desmond", "libNo": "0001", "edition": "1", "language": "English", "pages": 300, "quantity": 0, "Cat": 1}}, {"model": "home.addbook", "pk": 59, "fields": {"user": 4, "bookid": "DB1223", "bookname": "Database Systems", "author": "Elvis C. Foster", "location": "DLB office", "subject": "The book discusses concepts, principles, design, implementation, and management issues of databases. Each chapter is organized systematically into brief, reader-friendly sections, with itemization of the important points to be remembered. It adopts a methodical and pragmatic approach to solving database systems problems. Diagrams and illustrations also sum up the salient points to enhance learning. Additionally, the book includes a number of Foster's original methodologies that add clarity and creativity to the database modeling and design experience while making a novel contribution to the discipline.", "copies": 345, "cover": "book_covers/images.jfif", "pdf": "books/INTRODUCTION_TO_DATABASES.pdf", "publisher": "desi", "libNo": "DBS01", "edition": "3", "language": "English", "pages": 585, "quantity": 0, "Cat": 1}}, {"model": "home.addbook", "pk": 60, "fields": {"user": 4, "bookid": "BL1223", "bookname": "Bitcoin and blockchain", "author": "Toshiro Takemura", "location": "DLB office", "subject": "The book does not give only simple explanations to bitcoin system but provides answers for the variety of questions like bitcoin and blockchain connection, the importance of the Blockchain. It covers issues of cryptocurrency trading and cryptocurrency investing. You will be able to dive on this technology and be a confident user. Figure out what is the bitcoin mining and how does the blockchain technology work. All these and lots of other useful information is included into the book.", "copies": 343, "cover": "book_covers/block.jpg", "pdf": "books/Blockchain_Tutorial1.pdf", "publisher": "desi", "libNo": "BCBL01", "edition": "3", "language": "English", "pages": 532, "quantity": 0, "Cat": 1}}, {"model": "home.addbook", "pk": 63, "fields": {"user": 30, "bookid": "TML123", "bookname": "The mind of a leader", "author": "Kevin Anderson", "location": "DLB office", "subject": "The Mind of the Leader has captured some of the essentials of leadership in the twenty-first century: being mindful, selfless, and compassionate. With these, we are better able to engage our people and we bring more value to our clients.", "copies": 132, "cover": "book_covers/leader.jpg", "pdf": "books/concurrency_control.pdf", "publisher": "Kevin", "libNo": "TML001", "edition": "7", "language": "English", "pages": 66, "quantity": 0, "Cat": 1}}, {"model": "home.addbook", "pk": 64, "fields": {"user": 4, "bookid": "Dp1232", "bookname": "Depression detection", "author": "Kevin Anderson", "location": "DLB office", "subject": "The Mind of the Leader has captured some of the essentials of leadership in the twenty-first century: being mindful, selfless, and compassionate. With these, we are better able to engage our people and we bring more value to our clients.", "copies": 23, "cover": "book_covers/A_depression_detection_YXGwOJa.jpg", "pdf": "books/Aa_Elsevier_ScienceDirect2022_BXHLhsh.pdf", "publisher": "desi", "libNo": "Dp23", "edition": "1", "language": "English", "pages": 132, "quantity": 0, "Cat": 1}}, {"model": "home.addbook", "pk": 65, "fields": {"user": 1, "bookid": "TML123i9", "bookname": "The mind of a leadery", "author": "Desmond", "location": "23rd floor", "subject": "dxdfxdfxdf", "copies": 67, "cover": "book_covers/icta_cover.jpg", "pdf": "books/ICT_Authority_Salary_Structure_1.docx", "publisher": "desmond", "libNo": "0001", "edition": "1", "language": "English", "pages": 300, "quantity": 0, "Cat": 1}}, {"model": "home.addbook", "pk": 66, "fields": {"user": 25, "bookid": "TML123655", "bookname": "DigiSchool", "author": "Toshiro Takemura", "location": "DLB office", "subject": "The Mind of the Leader has captured some of the essentials of leadership in the twenty-first century: being mindful, selfless, and compassionate. With these, we are better able to engage our people and we bring more value to our clients.", "copies": 66, "cover": "book_covers/icta_cover_HP5hfw0.jpg", "pdf": "books/suplimment.pdf", "publisher": "uhkuh", "libNo": "BCBL016", "edition": "3", "language": "english", "pages": 532, "quantity": 0, "Cat": 1}}, {"model": "home.addbook", "pk": 67, "fields": {"user": 25, "bookid": "TML123655", "bookname": "DigiSchool", "author": "Toshiro Takemura", "location": "DLB office", "subject": "The Mind of the Leader has captured some of the essentials of leadership in the twenty-first century: being mindful, selfless, and compassionate. With these, we are better able to engage our people and we bring more value to our clients.", "copies": 66, "cover": "book_covers/icta_cover_132jhJt.jpg", "pdf": "books/suplimment_yzdsnX5.pdf", "publisher": "uhkuh", "libNo": "BCBL016", "edition": "3", "language": "english", "pages": 532, "quantity": 0, "Cat": 1}}, {"model": "home.addbook", "pk": 71, "fields": {"user": 25, "bookid": "DG1", "bookname": "DigiSchool", "author": "ICTA", "location": "DLB office/Online", "subject": "The book discusses concepts, principles, design, implementation, and management issues of databases. Each chapter is organized systematically into brief, reader-friendly sections, with itemization of the important points to be remembered. It adopts a methodical and pragmatic approach to solving database systems problems. Diagrams and illustrations also sum up the salient points to enhance learning.", "copies": 23, "cover": "book_covers/icta_cover_W7ekYSW.jpg", "pdf": "books/digischool_IORerhg.pdf", "publisher": "ICTA", "libNo": "DG001", "edition": "3", "language": "English", "pages": 66, "quantity": 0, "Cat": 6}}, {"model": "home.addbook", "pk": 73, "fields": {"user": 25, "bookid": "SUP1", "bookname": "Supplement", "author": "ICTA", "location": "DLB office", "subject": "The book discusses concepts, principles, design, implementation, and management issues of databases. Each chapter is organized systematically into brief, reader-friendly sections, with itemization of the important points to be remembered. It adopts a methodical and pragmatic approach to solving database systems problems. Diagrams and illustrations also sum up the salient points to enhance learning. Additionally, the book includes a number of Foster's original methodologies that add clarity and creativity to the database modeling and design experience while making a novel contribution to the discipline. ", "copies": 22, "cover": "book_covers/icta_cover_gLjINxf.jpg", "pdf": "books/suplimment_vr1PANg.pdf", "publisher": "ICTA", "libNo": "Sup11", "edition": "4", "language": "English", "pages": 66, "quantity": 0, "Cat": 5}}, {"model": "home.addbook", "pk": 74, "fields": {"user": 25, "bookid": "Reg", "bookname": "Registration Authority ", "author": "ICTA", "location": "DLB office/Online", "subject": "The book does not give only simple explanations to bitcoin system but provides answers for the variety of questions like bitcoin and blockchain connection, the importance of the Blockchain. It covers issues of cryptocurrency trading and cryptocurrency investing. You will be able to dive on this technology and be a confident user. Figure out what is the bitcoin mining and how does the blockchain technology work. All these and lots of other useful information is included into the book.", "copies": 56, "cover": "book_covers/icta_cover_g9g7qr8.jpg", "pdf": "books/Registration_Authority_Charter_3.pdf", "publisher": "ICTA", "libNo": "Reg#", "edition": "3", "language": "English", "pages": 70, "quantity": 0, "Cat": 5}}, {"model": "home.addbook", "pk": 75, "fields": {"user": 25, "bookid": "MA1", "bookname": "PFM_Manual", "author": "ICTA", "location": "Online/Physical", "subject": "The book does not give only simple explanations to bitcoin system but provides answers for the variety of questions like bitcoin and blockchain connection, the importance of the Blockchain. It covers issues of cryptocurrency trading and cryptocurrency investing. You will be able to dive on this technology and be a confident user. Figure out what is the bitcoin mining and how does the blockchain technology work. ", "copies": 22, "cover": "book_covers/icta_cover_9M99cAc.jpg", "pdf": "books/PFM_Manual.pdf", "publisher": "ICTA", "libNo": "Ma1", "edition": "3", "language": "English", "pages": 66, "quantity": 0, "Cat": 4}}, {"model": "home.addbook", "pk": 80, "fields": {"user": 25, "bookid": "MA1", "bookname": "PFM_Manual", "author": "ICTA", "location": "DLB office", "subject": "The book does not give only simple explanations to bitcoin system but provides answers for the variety of questions like bitcoin and blockchain connection, the importance of the Blockchain. It covers issues of cryptocurrency trading and cryptocurrency investing. You will be able to dive on this technology and be a confident user. Figure out what is the bitcoin mining and how does the blockchain technology work. ", "copies": 23, "cover": "book_covers/icta_cover_7MjoQjn.jpg", "pdf": "books/PFM_Manual_OmgJCAo.pdf", "publisher": "ICTA", "libNo": "Ma1", "edition": "4", "language": "English", "pages": 66, "quantity": 0, "Cat": 3}}, {"model": "home.issuebook", "pk": 25, "fields": {"user": 4, "studentid": "123456", "book1": "BE12345H1", "issuedate": "2023-05-25", "expirydate": "2023-06-09"}}, {"model": "home.issuebook", "pk": 26, "fields": {"user": 4, "studentid": "234", "book1": "BE12345H2", "issuedate": "2023-05-26", "expirydate": "2023-06-10"}}, {"model": "home.issuebook", "pk": 27, "fields": {"user": 4, "studentid": "jane12", "book1": "Q1234", "issuedate": "2023-05-29", "expirydate": "2023-06-13"}}, {"model": "home.issuebook", "pk": 28, "fields": {"user": 4, "studentid": "gr", "book1": "Q1234", "issuedate": "2023-05-30", "expirydate": "2023-06-14"}}, {"model": "home.issuebook", "pk": 29, "fields": {"user": 4, "studentid": "837", "book1": "B23", "issuedate": "2023-06-05", "expirydate": "2023-06-20"}}, {"model": "home.issuebook", "pk": 30, "fields": {"user": 4, "studentid": "gr", "book1": "E1223", "issuedate": "2023-06-16", "expirydate": "2023-07-01"}}, {"model": "home.issuebook", "pk": 31, "fields": {"user": 4, "studentid": "123456", "book1": "E1223", "issuedate": "2023-06-16", "expirydate": "2023-07-01"}}, {"model": "home.issuebook", "pk": 32, "fields": {"user": 25, "studentid": "rgre", "book1": "TGG7356", "issuedate": "2023-07-13", "expirydate": "2023-07-28"}}, {"model": "home.returnbook", "pk": 8, "fields": {"user": 2, "bookid2": "BE12345H"}}, {"model": "home.returnbook", "pk": 9, "fields": {"user": 4, "bookid2": "BE12345H"}}, {"model": "home.addstudent", "pk": 8, "fields": {"user": 4, "fname": "Desmond", "lname": "Murangiri", "username": "desi", "studentid": "123456", "semail": "mwrgdesmond@gmail.com", "phone": "0700000000", "password": "00000000"}}, {"model": "home.addstudent", "pk": 9, "fields": {"user": 5, "fname": "qwfqsv", "lname": "qwfqsv", "username": "qw", "studentid": "837", "semail": "mwrgdesmond@gmail.com", "phone": "0700000000", "password": "00000000"}}, {"model": "home.addstudent", "pk": 10, "fields": {"user": 6, "fname": "qwegew", "lname": "qwegew", "username": "Wdf", "studentid": "rgre", "semail": "mwrgdesmond@gmail.com", "phone": "0700000000", "password": "00000000"}}, {"model": "home.addstudent", "pk": 11, "fields": {"user": 7, "fname": "risper", "lname": "risper", "username": "risie", "studentid": "234r3rr", "semail": "edwgaera@gmail.com", "phone": "0700000000", "password": "00000000"}}, {"model": "home.addstudent", "pk": 12, "fields": {"user": 8, "fname": "john", "lname": "john", "username": "solo", "studentid": "234", "semail": "edwgaera@gmail.com", "phone": "0700000000", "password": "00000000"}}, {"model": "home.addstudent", "pk": 13, "fields": {"user": 9, "fname": "john", "lname": "doe", "username": "jonte", "studentid": "234", "semail": "edwgaera@gmail.com", "phone": "0700000000", "password": "00000000"}}, {"model": "home.addstudent", "pk": 14, "fields": {"user": 11, "fname": "pock", "lname": "mwirg", "username": "juhuh", "studentid": "456789", "semail": "e2f@gmail.co", "phone": "0700000000", "password": "juhuh123"}}, {"model": "home.addstudent", "pk": 15, "fields": {"user": 12, "fname": "Desmon", "lname": "mugure", "username": "dello", "studentid": "jane12", "semail": "e2f@gmail.co", "phone": "0700000000", "password": "dell2430"}}, {"model": "home.addstudent", "pk": 16, "fields": {"user": 13, "fname": "fgger", "lname": "erg", "username": "della", "studentid": "gr", "semail": "rgr2@DFGRG", "phone": "0700000000", "password": "dell2430"}}, {"model": "home.addstudent", "pk": 17, "fields": {"user": 14, "fname": "EG", "lname": "124RW", "username": "dellSDG", "studentid": "SFAS", "semail": "rgr2@DFGRG", "phone": "0700000000", "password": "dell2430"}}, {"model": "home.addstudent", "pk": 18, "fields": {"user": 15, "fname": "Desmond", "lname": "Murangir", "username": "dellA", "studentid": "123456", "semail": "e2f@gmail.co", "phone": "0700000000", "password": "dell2430"}}, {"model": "home.addstudent", "pk": 19, "fields": {"user": 22, "fname": "philo", "lname": "karanja", "username": "phylit", "studentid": "3456778900", "semail": "phyl@gmail.com", "phone": "0740524375", "password": "00000000"}}, {"model": "home.addstudent", "pk": 20, "fields": {"user": 23, "fname": "hilda", "lname": "mwende", "username": "hilda", "studentid": "123456", "semail": "edwgaera@gmail.com", "phone": "0740524375", "password": "00000000"}}, {"model": "home.addstudent", "pk": 21, "fields": {"user": 24, "fname": "caroline", "lname": "Mukami", "username": "caro", "studentid": "123456", "semail": "mwirgdesmond@gmail.com", "phone": "mwirgdesmond@gmail.com", "password": "00000000"}}, {"model": "home.reading", "pk": 1, "fields": {"book": 40, "reader": 25, "date_read": "2023-07-04T07:15:13.098Z"}}, {"model": "home.reading", "pk": 2, "fields": {"book": 59, "reader": 25, "date_read": "2023-07-04T07:17:42.713Z"}}, {"model": "home.reading", "pk": 3, "fields": {"book": 40, "reader": 25, "date_read": "2023-07-04T07:32:40.639Z"}}, {"model": "home.reading", "pk": 4, "fields": {"book": 59, "reader": 25, "date_read": "2023-07-04T07:59:06.531Z"}}, {"model": "home.reading", "pk": 5, "fields": {"book": 59, "reader": 25, "date_read": "2023-07-04T07:59:08.666Z"}}, {"model": "home.reading", "pk": 6, "fields": {"book": 59, "reader": 25, "date_read": "2023-07-04T07:59:09.184Z"}}, {"model": "home.reading", "pk": 7, "fields": {"book": 59, "reader": 25, "date_read": "2023-07-04T07:59:09.788Z"}}, {"model": "home.reading", "pk": 8, "fields": {"book": 59, "reader": 25, "date_read": "2023-07-04T07:59:10.350Z"}}, {"model": "home.reading", "pk": 9, "fields": {"book": 59, "reader": 25, "date_read": "2023-07-04T07:59:14.920Z"}}, {"model": "home.reading", "pk": 10, "fields": {"book": 60, "reader": 25, "date_read": "2023-07-04T08:05:08.103Z"}}, {"model": "home.reading", "pk": 11, "fields": {"book": 59, "reader": 4, "date_read": "2023-07-04T10:28:00.191Z"}}, {"model": "home.reading", "pk": 12, "fields": {"book": 65, "reader": 25, "date_read": "2023-07-18T11:52:30.804Z"}}, {"model": "home.reading", "pk": 13, "fields": {"book": 71, "reader": 25, "date_read": "2023-07-21T12:58:05.340Z"}}, {"model": "home.readbook", "pk": 1, "fields": {"book": 39, "reader": 4, "date_read": "2023-06-14T12:05:20.272Z"}}, {"model": "home.readbook", "pk": 2, "fields": {"book": 39, "reader": 4, "date_read": "2023-06-14T12:56:25.015Z"}}, {"model": "home.readbook", "pk": 3, "fields": {"book": 53, "reader": 4, "date_read": "2023-06-14T13:41:33.746Z"}}, {"model": "home.readbook", "pk": 4, "fields": {"book": 55, "reader": 4, "date_read": "2023-06-14T13:41:45.464Z"}}, {"model": "home.readbook", "pk": 5, "fields": {"book": 55, "reader": 4, "date_read": "2023-06-14T13:43:27.932Z"}}, {"model": "home.readbook", "pk": 6, "fields": {"book": 38, "reader": 4, "date_read": "2023-06-14T13:43:51.837Z"}}, {"model": "home.readbook", "pk": 7, "fields": {"book": 60, "reader": 4, "date_read": "2023-06-16T08:54:18.826Z"}}, {"model": "home.readbook", "pk": 8, "fields": {"book": 58, "reader": 4, "date_read": "2023-06-18T12:14:59.923Z"}}, {"model": "home.readbook", "pk": 9, "fields": {"book": 39, "reader": 4, "date_read": "2023-06-18T14:26:43.091Z"}}, {"model": "home.readbook", "pk": 10, "fields": {"book": 59, "reader": 4, "date_read": "2023-06-18T14:26:58.692Z"}}, {"model": "home.readbook", "pk": 11, "fields": {"book": 40, "reader": 4, "date_read": "2023-06-18T14:37:34.859Z"}}, {"model": "home.readbook", "pk": 12, "fields": {"book": 43, "reader": 4, "date_read": "2023-06-18T14:40:34.020Z"}}, {"model": "home.readbook", "pk": 13, "fields": {"book": 41, "reader": 4, "date_read": "2023-06-18T14:51:39.608Z"}}, {"model": "home.readbook", "pk": 14, "fields": {"book": 50, "reader": 4, "date_read": "2023-06-18T14:51:51.811Z"}}, {"model": "home.readbook", "pk": 15, "fields": {"book": 59, "reader": 4, "date_read": "2023-06-18T14:52:12.027Z"}}, {"model": "home.readbook", "pk": 16, "fields": {"book": 54, "reader": 4, "date_read": "2023-06-18T14:52:26.159Z"}}, {"model": "home.readbook", "pk": 17, "fields": {"book": 39, "reader": 4, "date_read": "2023-06-18T14:59:50.810Z"}}, {"model": "home.readbook", "pk": 18, "fields": {"book": 50, "reader": 4, "date_read": "2023-06-18T14:59:55.461Z"}}, {"model": "home.readbook", "pk": 19, "fields": {"book": 39, "reader": 4, "date_read": "2023-06-18T15:00:34.492Z"}}, {"model": "home.readbook", "pk": 20, "fields": {"book": 44, "reader": 4, "date_read": "2023-06-18T15:01:25.226Z"}}, {"model": "home.readbook", "pk": 21, "fields": {"book": 60, "reader": 25, "date_read": "2023-06-18T15:25:01.171Z"}}, {"model": "home.readbook", "pk": 22, "fields": {"book": 59, "reader": 25, "date_read": "2023-06-19T06:23:58.326Z"}}, {"model": "home.readbook", "pk": 23, "fields": {"book": 60, "reader": 4, "date_read": "2023-06-19T06:52:10.373Z"}}, {"model": "home.readbook", "pk": 24, "fields": {"book": 42, "reader": 4, "date_read": "2023-06-19T07:41:55.337Z"}}, {"model": "home.readbook", "pk": 25, "fields": {"book": 41, "reader": 4, "date_read": "2023-06-21T09:06:47.101Z"}}, {"model": "home.readbook", "pk": 26, "fields": {"book": 38, "reader": 26, "date_read": "2023-06-21T09:19:54.846Z"}}, {"model": "home.readbook", "pk": 27, "fields": {"book": 60, "reader": 4, "date_read": "2023-06-30T05:59:02.305Z"}}, {"model": "home.readbook", "pk": 28, "fields": {"book": 40, "reader": 25, "date_read": "2023-07-04T07:35:57.658Z"}}, {"model": "home.readbook", "pk": 29, "fields": {"book": 60, "reader": 25, "date_read": "2023-07-04T07:41:58.641Z"}}, {"model": "home.readbook", "pk": 30, "fields": {"book": 60, "reader": 25, "date_read": "2023-07-04T07:42:23.242Z"}}, {"model": "home.readbook", "pk": 31, "fields": {"book": 59, "reader": 25, "date_read": "2023-07-11T12:22:49.058Z"}}, {"model": "home.readbook", "pk": 32, "fields": {"book": 59, "reader": 25, "date_read": "2023-07-11T12:23:45.718Z"}}, {"model": "home.borrowedbook", "pk": 1, "fields": {"book": 41, "borrower": 4, "date_borrowed": "2023-06-14T11:59:49.182Z", "expirydate": "2023-07-28"}}, {"model": "home.borrowedbook", "pk": 2, "fields": {"book": 39, "borrower": 4, "date_borrowed": "2023-06-14T12:01:26.635Z", "expirydate": "2023-07-28"}}, {"model": "home.borrowedbook", "pk": 3, "fields": {"book": 39, "borrower": 4, "date_borrowed": "2023-06-14T12:02:33.058Z", "expirydate": "2023-07-28"}}, {"model": "home.borrowedbook", "pk": 4, "fields": {"book": 39, "borrower": 4, "date_borrowed": "2023-06-14T12:05:26.542Z", "expirydate": "2023-07-28"}}, {"model": "home.borrowedbook", "pk": 5, "fields": {"book": 39, "borrower": 4, "date_borrowed": "2023-06-14T12:08:38.726Z", "expirydate": "2023-07-28"}}, {"model": "home.borrowedbook", "pk": 6, "fields": {"book": 50, "borrower": 4, "date_borrowed": "2023-06-14T12:08:50.875Z", "expirydate": "2023-07-28"}}, {"model": "home.borrowedbook", "pk": 7, "fields": {"book": 39, "borrower": 4, "date_borrowed": "2023-06-14T12:12:30.251Z", "expirydate": "2023-07-28"}}, {"model": "home.borrowedbook", "pk": 8, "fields": {"book": 39, "borrower": 4, "date_borrowed": "2023-06-14T12:19:45.577Z", "expirydate": "2023-07-28"}}, {"model": "home.borrowedbook", "pk": 9, "fields": {"book": 42, "borrower": 4, "date_borrowed": "2023-06-14T12:34:20.796Z", "expirydate": "2023-07-28"}}, {"model": "home.borrowedbook", "pk": 10, "fields": {"book": 40, "borrower": 4, "date_borrowed": "2023-06-14T12:34:28.637Z", "expirydate": "2023-07-28"}}, {"model": "home.borrowedbook", "pk": 11, "fields": {"book": 54, "borrower": 4, "date_borrowed": "2023-06-14T12:39:44.259Z", "expirydate": "2023-07-28"}}, {"model": "home.borrowedbook", "pk": 12, "fields": {"book": 57, "borrower": 4, "date_borrowed": "2023-06-14T12:54:00.795Z", "expirydate": "2023-07-28"}}, {"model": "home.borrowedbook", "pk": 13, "fields": {"book": 39, "borrower": 4, "date_borrowed": "2023-06-14T12:56:29.606Z", "expirydate": "2023-07-28"}}, {"model": "home.borrowedbook", "pk": 14, "fields": {"book": 39, "borrower": 4, "date_borrowed": "2023-06-14T12:58:11.171Z", "expirydate": "2023-07-28"}}, {"model": "home.borrowedbook", "pk": 15, "fields": {"book": 53, "borrower": 4, "date_borrowed": "2023-06-14T13:33:41.076Z", "expirydate": "2023-07-28"}}, {"model": "home.borrowedbook", "pk": 16, "fields": {"book": 55, "borrower": 4, "date_borrowed": "2023-06-14T13:43:37.263Z", "expirydate": "2023-07-28"}}, {"model": "home.borrowedbook", "pk": 17, "fields": {"book": 38, "borrower": 4, "date_borrowed": "2023-06-14T13:43:55.680Z", "expirydate": "2023-07-28"}}, {"model": "home.borrowedbook", "pk": 18, "fields": {"book": 60, "borrower": 4, "date_borrowed": "2023-06-16T08:54:13.949Z", "expirydate": "2023-07-28"}}, {"model": "home.borrowedbook", "pk": 19, "fields": {"book": 59, "borrower": 4, "date_borrowed": "2023-06-18T10:08:27.740Z", "expirydate": "2023-07-28"}}, {"model": "home.borrowedbook", "pk": 20, "fields": {"book": 59, "borrower": 4, "date_borrowed": "2023-06-18T11:44:15.095Z", "expirydate": "2023-07-28"}}, {"model": "home.borrowedbook", "pk": 21, "fields": {"book": 59, "borrower": 4, "date_borrowed": "2023-06-18T11:54:03.159Z", "expirydate": "2023-07-28"}}, {"model": "home.borrowedbook", "pk": 22, "fields": {"book": 43, "borrower": 4, "date_borrowed": "2023-06-18T12:22:38.836Z", "expirydate": "2023-07-28"}}, {"model": "home.borrowedbook", "pk": 23, "fields": {"book": 43, "borrower": 4, "date_borrowed": "2023-06-18T12:40:43.889Z", "expirydate": "2023-07-28"}}, {"model": "home.borrowedbook", "pk": 24, "fields": {"book": 44, "borrower": 4, "date_borrowed": "2023-06-18T15:00:56.235Z", "expirydate": "2023-07-28"}}, {"model": "home.borrowedbook", "pk": 25, "fields": {"book": 44, "borrower": 4, "date_borrowed": "2023-06-18T15:01:17.455Z", "expirydate": "2023-07-28"}}, {"model": "home.borrowedbook", "pk": 26, "fields": {"book": 60, "borrower": 25, "date_borrowed": "2023-06-18T15:24:57.122Z", "expirydate": "2023-07-28"}}, {"model": "home.borrowedbook", "pk": 27, "fields": {"book": 59, "borrower": 25, "date_borrowed": "2023-06-18T15:25:20.228Z", "expirydate": "2023-07-28"}}, {"model": "home.borrowedbook", "pk": 28, "fields": {"book": 40, "borrower": 25, "date_borrowed": "2023-06-19T06:23:39.690Z", "expirydate": "2023-07-28"}}, {"model": "home.borrowedbook", "pk": 29, "fields": {"book": 60, "borrower": 4, "date_borrowed": "2023-06-19T06:52:02.503Z", "expirydate": "2023-07-28"}}, {"model": "home.borrowedbook", "pk": 30, "fields": {"book": 60, "borrower": 4, "date_borrowed": "2023-06-19T07:15:24.966Z", "expirydate": "2023-07-28"}}, {"model": "home.borrowedbook", "pk": 31, "fields": {"book": 42, "borrower": 4, "date_borrowed": "2023-06-19T07:41:50.239Z", "expirydate": "2023-07-28"}}, {"model": "home.borrowedbook", "pk": 32, "fields": {"book": 45, "borrower": 4, "date_borrowed": "2023-06-20T12:34:27.308Z", "expirydate": "2023-07-28"}}, {"model": "home.borrowedbook", "pk": 33, "fields": {"book": 38, "borrower": 4, "date_borrowed": "2023-06-20T13:02:43.482Z", "expirydate": "2023-07-28"}}, {"model": "home.borrowedbook", "pk": 34, "fields": {"book": 41, "borrower": 4, "date_borrowed": "2023-06-21T08:34:59.099Z", "expirydate": "2023-07-28"}}, {"model": "home.borrowedbook", "pk": 35, "fields": {"book": 39, "borrower": 17, "date_borrowed": "2023-06-21T08:38:59.426Z", "expirydate": "2023-07-28"}}, {"model": "home.borrowedbook", "pk": 36, "fields": {"book": 41, "borrower": 4, "date_borrowed": "2023-06-21T09:06:30.163Z", "expirydate": "2023-07-28"}}, {"model": "home.borrowedbook", "pk": 37, "fields": {"book": 38, "borrower": 26, "date_borrowed": "2023-06-21T09:19:44.660Z", "expirydate": "2023-07-28"}}, {"model": "home.borrowedbook", "pk": 38, "fields": {"book": 40, "borrower": 4, "date_borrowed": "2023-06-21T09:53:49.005Z", "expirydate": "2023-07-28"}}, {"model": "home.borrowedbook", "pk": 39, "fields": {"book": 60, "borrower": 17, "date_borrowed": "2023-06-21T12:46:49.484Z", "expirydate": "2023-07-28"}}, {"model": "home.borrowedbook", "pk": 40, "fields": {"book": 60, "borrower": 4, "date_borrowed": "2023-06-30T05:58:39.223Z", "expirydate": "2023-07-28"}}, {"model": "home.borrowedbook", "pk": 41, "fields": {"book": 59, "borrower": 4, "date_borrowed": "2023-06-30T05:59:40.578Z", "expirydate": "2023-07-28"}}, {"model": "home.borrowedbook", "pk": 42, "fields": {"book": 65, "borrower": 25, "date_borrowed": "2023-07-18T11:52:17.270Z", "expirydate": "2023-08-02"}}, {"model": "home.borrowedbook", "pk": 43, "fields": {"book": 41, "borrower": 25, "date_borrowed": "2023-07-21T11:43:00.850Z", "expirydate": "2023-08-05"}}, {"model": "home.borrowedbook", "pk": 44, "fields": {"book": 38, "borrower": 25, "date_borrowed": "2023-07-21T11:43:13.677Z", "expirydate": "2023-08-05"}}, {"model": "home.borrowedbook", "pk": 45, "fields": {"book": 73, "borrower": 25, "date_borrowed": "2023-07-21T12:52:22.437Z", "expirydate": "2023-08-05"}}, {"model": "home.borrowedbook", "pk": 46, "fields": {"book": 44, "borrower": 25, "date_borrowed": "2023-07-21T12:53:37.444Z", "expirydate": "2023-08-05"}}, {"model": "home.borrowedbook", "pk": 47, "fields": {"book": 43, "borrower": 25, "date_borrowed": "2023-07-21T12:57:46.568Z", "expirydate": "2023-08-05"}}, {"model": "home.borrowedbook", "pk": 48, "fields": {"book": 71, "borrower": 25, "date_borrowed": "2023-07-21T12:57:56.806Z", "expirydate": "2023-08-05"}}, {"model": "home.rating", "pk": 1, "fields": {"book": 38, "user": 4, "rate": 3, "comment": "It is good", "created_at": "2023-06-20T14:14:45.343Z"}}, {"model": "home.rating", "pk": 2, "fields": {"book": 60, "user": 4, "rate": 4, "comment": "It is good", "created_at": "2023-06-20T14:17:35.703Z"}}, {"model": "home.rating", "pk": 3, "fields": {"book": 60, "user": 4, "rate": 3, "comment": "It is good", "created_at": "2023-06-20T14:19:55.622Z"}}, {"model": "home.rating", "pk": 4, "fields": {"book": 60, "user": 4, "rate": 5, "comment": "Awesome\r\n", "created_at": "2023-06-21T06:19:09.748Z"}}, {"model": "home.rating", "pk": 5, "fields": {"book": 60, "user": 4, "rate": 1, "comment": "\"Bitcoin and Blockchain\" by Toshiro Takemura offers a comprehensive exploration of the revolutionary technologies that have reshaped the world of finance and beyond. The book delves into the intricate workings of cryptocurrencies, with a particular focus on Bitcoin, and elucidates the underlying principles of blockchain technology.", "created_at": "2023-06-21T07:02:35.660Z"}}, {"model": "home.rating", "pk": 6, "fields": {"book": 39, "user": 4, "rate": 3, "comment": "its good book", "created_at": "2023-06-22T06:31:09.547Z"}}, {"model": "home.rating", "pk": 7, "fields": {"book": 39, "user": 4, "rate": 5, "comment": "nice one", "created_at": "2023-06-22T06:31:28.613Z"}}, {"model": "home.rating", "pk": 8, "fields": {"book": 39, "user": 4, "rate": 1, "comment": "i love it", "created_at": "2023-06-22T06:52:03.403Z"}}, {"model": "home.rating", "pk": 9, "fields": {"book": 39, "user": 4, "rate": 5, "comment": "nice", "created_at": "2023-06-22T06:52:23.397Z"}}, {"model": "home.rating", "pk": 10, "fields": {"book": 38, "user": 4, "rate": 4, "comment": "i love these book", "created_at": "2023-06-22T07:44:43.386Z"}}, {"model": "home.rating", "pk": 11, "fields": {"book": 56, "user": 4, "rate": 3, "comment": "nice one", "created_at": "2023-06-22T08:06:31.643Z"}}, {"model": "home.rating", "pk": 12, "fields": {"book": 59, "user": 4, "rate": 5, "comment": "good book", "created_at": "2023-06-22T08:07:29.502Z"}}, {"model": "home.rating", "pk": 13, "fields": {"book": 59, "user": 4, "rate": 4, "comment": "Nice one\r\n", "created_at": "2023-06-22T08:07:49.805Z"}}, {"model": "home.rating", "pk": 14, "fields": {"book": 59, "user": 4, "rate": 5, "comment": "nice", "created_at": "2023-06-22T08:11:30.546Z"}}, {"model": "home.rating", "pk": 15, "fields": {"book": 52, "user": 4, "rate": 5, "comment": "good", "created_at": "2023-06-22T08:25:25.216Z"}}, {"model": "home.rating", "pk": 16, "fields": {"book": 52, "user": 4, "rate": 3, "comment": "average", "created_at": "2023-06-22T08:25:38.947Z"}}, {"model": "home.rating", "pk": 17, "fields": {"book": 38, "user": 4, "rate": 5, "comment": "nice", "created_at": "2023-06-22T08:26:08.831Z"}}, {"model": "home.rating", "pk": 18, "fields": {"book": 38, "user": 4, "rate": 5, "comment": "best", "created_at": "2023-06-22T08:55:34.807Z"}}, {"model": "home.rating", "pk": 19, "fields": {"book": 38, "user": 4, "rate": 4, "comment": "i love it", "created_at": "2023-06-22T09:14:58.231Z"}}, {"model": "home.rating", "pk": 20, "fields": {"book": 60, "user": 4, "rate": 4, "comment": "I love the book", "created_at": "2023-06-22T09:28:43.712Z"}}, {"model": "home.rating", "pk": 21, "fields": {"book": 59, "user": 4, "rate": 3, "comment": "Nice one\r\n", "created_at": "2023-06-22T09:46:53.041Z"}}, {"model": "home.rating", "pk": 22, "fields": {"book": 41, "user": 4, "rate": 4, "comment": "nice", "created_at": "2023-06-22T09:51:45.652Z"}}, {"model": "home.rating", "pk": 23, "fields": {"book": 41, "user": 4, "rate": 1, "comment": "nice", "created_at": "2023-06-22T09:52:18.816Z"}}, {"model": "home.rating", "pk": 24, "fields": {"book": 40, "user": 4, "rate": 3, "comment": "i love the book", "created_at": "2023-06-22T13:02:49.066Z"}}, {"model": "home.rating", "pk": 25, "fields": {"book": 38, "user": 25, "rate": 4, "comment": "yyfg", "created_at": "2023-07-13T13:55:25.106Z"}}, {"model": "home.rating", "pk": 26, "fields": {"book": 38, "user": 25, "rate": 2, "comment": "nice", "created_at": "2023-07-13T13:55:45.773Z"}}, {"model": "home.notification", "pk": 1, "fields": {"recipient": 5, "message": "Your book 'Booth' is due soon. Please return it by 20-06-2023.", "timestamp": "2023-07-13T06:42:26.600Z"}}, {"model": "home.notification", "pk": 2, "fields": {"recipient": 13, "message": "Your book 'Educated' is due soon. Please return it by 01-07-2023.", "timestamp": "2023-07-13T06:42:26.609Z"}}, {"model": "home.notification", "pk": 3, "fields": {"recipient": 4, "message": "Your book 'Educated' is due soon. Please return it by 01-07-2023.", "timestamp": "2023-07-13T06:42:26.618Z"}}, {"model": "home.notification", "pk": 4, "fields": {"recipient": 5, "message": "Your book 'Booth' is due soon. Please return it by 20-06-2023.", "timestamp": "2023-07-13T06:42:32.199Z"}}, {"model": "home.notification", "pk": 5, "fields": {"recipient": 13, "message": "Your book 'Educated' is due soon. Please return it by 01-07-2023.", "timestamp": "2023-07-13T06:42:32.209Z"}}, {"model": "home.notification", "pk": 6, "fields": {"recipient": 4, "message": "Your book 'Educated' is due soon. Please return it by 01-07-2023.", "timestamp": "2023-07-13T06:42:32.218Z"}}, {"model": "home.notification", "pk": 7, "fields": {"recipient": 5, "message": "Your book 'Booth' is due soon. Please return it by 20-06-2023.", "timestamp": "2023-07-13T06:46:37.891Z"}}, {"model": "home.notification", "pk": 8, "fields": {"recipient": 13, "message": "Your book 'Educated' is due soon. Please return it by 01-07-2023.", "timestamp": "2023-07-13T06:46:37.901Z"}}, {"model": "home.notification", "pk": 9, "fields": {"recipient": 4, "message": "Your book 'Educated' is due soon. Please return it by 01-07-2023.", "timestamp": "2023-07-13T06:46:37.912Z"}}, {"model": "home.notification", "pk": 10, "fields": {"recipient": 5, "message": "Your book 'Booth' is due soon. Please return it by 20-06-2023.", "timestamp": "2023-07-13T06:46:57.545Z"}}, {"model": "home.notification", "pk": 11, "fields": {"recipient": 13, "message": "Your book 'Educated' is due soon. Please return it by 01-07-2023.", "timestamp": "2023-07-13T06:46:57.561Z"}}, {"model": "home.notification", "pk": 12, "fields": {"recipient": 4, "message": "Your book 'Educated' is due soon. Please return it by 01-07-2023.", "timestamp": "2023-07-13T06:46:57.568Z"}}, {"model": "home.notification", "pk": 13, "fields": {"recipient": 5, "message": "Your book 'Booth' is due soon. Please return it by 20-06-2023.", "timestamp": "2023-07-13T06:48:14.914Z"}}, {"model": "home.notification", "pk": 14, "fields": {"recipient": 13, "message": "Your book 'Educated' is due soon. Please return it by 01-07-2023.", "timestamp": "2023-07-13T06:48:14.931Z"}}, {"model": "home.notification", "pk": 15, "fields": {"recipient": 4, "message": "Your book 'Educated' is due soon. Please return it by 01-07-2023.", "timestamp": "2023-07-13T06:48:14.940Z"}}, {"model": "home.notification", "pk": 16, "fields": {"recipient": 5, "message": "Your book 'Booth' is due soon. Please return it by 20-06-2023.", "timestamp": "2023-07-13T06:48:52.567Z"}}, {"model": "home.notification", "pk": 17, "fields": {"recipient": 13, "message": "Your book 'Educated' is due soon. Please return it by 01-07-2023.", "timestamp": "2023-07-13T06:48:52.580Z"}}, {"model": "home.notification", "pk": 18, "fields": {"recipient": 4, "message": "Your book 'Educated' is due soon. Please return it by 01-07-2023.", "timestamp": "2023-07-13T06:48:52.589Z"}}, {"model": "home.notification", "pk": 19, "fields": {"recipient": 5, "message": "Your book 'Booth' is due soon. Please return it by 20-06-2023.", "timestamp": "2023-07-13T06:48:54.167Z"}}, {"model": "home.notification", "pk": 20, "fields": {"recipient": 13, "message": "Your book 'Educated' is due soon. Please return it by 01-07-2023.", "timestamp": "2023-07-13T06:48:54.185Z"}}, {"model": "home.notification", "pk": 21, "fields": {"recipient": 4, "message": "Your book 'Educated' is due soon. Please return it by 01-07-2023.", "timestamp": "2023-07-13T06:48:54.194Z"}}, {"model": "home.notification", "pk": 22, "fields": {"recipient": 5, "message": "Your book 'Booth' is due soon. Please return it by 20-06-2023.", "timestamp": "2023-07-13T06:48:55.091Z"}}, {"model": "home.notification", "pk": 23, "fields": {"recipient": 13, "message": "Your book 'Educated' is due soon. Please return it by 01-07-2023.", "timestamp": "2023-07-13T06:48:55.107Z"}}, {"model": "home.notification", "pk": 24, "fields": {"recipient": 4, "message": "Your book 'Educated' is due soon. Please return it by 01-07-2023.", "timestamp": "2023-07-13T06:48:55.115Z"}}, {"model": "home.notification", "pk": 25, "fields": {"recipient": 5, "message": "Your book 'Booth' is due soon. Please return it by 20-06-2023.", "timestamp": "2023-07-13T06:48:55.293Z"}}, {"model": "home.notification", "pk": 26, "fields": {"recipient": 13, "message": "Your book 'Educated' is due soon. Please return it by 01-07-2023.", "timestamp": "2023-07-13T06:48:55.303Z"}}, {"model": "home.notification", "pk": 27, "fields": {"recipient": 4, "message": "Your book 'Educated' is due soon. Please return it by 01-07-2023.", "timestamp": "2023-07-13T06:48:55.312Z"}}, {"model": "home.notification", "pk": 28, "fields": {"recipient": 5, "message": "Your book 'Booth' is due soon. Please return it by 20-06-2023.", "timestamp": "2023-07-13T08:11:55.574Z"}}, {"model": "home.notification", "pk": 29, "fields": {"recipient": 13, "message": "Your book 'Educated' is due soon. Please return it by 01-07-2023.", "timestamp": "2023-07-13T08:11:55.596Z"}}, {"model": "home.notification", "pk": 30, "fields": {"recipient": 4, "message": "Your book 'Educated' is due soon. Please return it by 01-07-2023.", "timestamp": "2023-07-13T08:11:55.613Z"}}, {"model": "home.notification", "pk": 31, "fields": {"recipient": 5, "message": "Your issued book 'Booth' is due soon. Please return it by 20-06-2023.", "timestamp": "2023-07-13T08:13:08.015Z"}}, {"model": "home.notification", "pk": 32, "fields": {"recipient": 13, "message": "Your issued book 'Educated' is due soon. Please return it by 01-07-2023.", "timestamp": "2023-07-13T08:13:08.048Z"}}, {"model": "home.notification", "pk": 33, "fields": {"recipient": 4, "message": "Your issued book 'Educated' is due soon. Please return it by 01-07-2023.", "timestamp": "2023-07-13T08:13:08.068Z"}}, {"model": "home.notification", "pk": 34, "fields": {"recipient": 5, "message": "Your issued book 'Booth' is due soon. Please return it by 20-06-2023.", "timestamp": "2023-07-13T11:36:13.568Z"}}, {"model": "home.notification", "pk": 35, "fields": {"recipient": 13, "message": "Your issued book 'Educated' is due soon. Please return it by 01-07-2023.", "timestamp": "2023-07-13T11:36:13.614Z"}}, {"model": "home.notification", "pk": 36, "fields": {"recipient": 4, "message": "Your issued book 'Educated' is due soon. Please return it by 01-07-2023.", "timestamp": "2023-07-13T11:36:13.638Z"}}, {"model": "home.notification", "pk": 37, "fields": {"recipient": 5, "message": "Your issued book 'Booth' is due soon. Please return it by 20-06-2023.", "timestamp": "2023-07-13T11:37:25.628Z"}}, {"model": "home.notification", "pk": 38, "fields": {"recipient": 13, "message": "Your issued book 'Educated' is due soon. Please return it by 01-07-2023.", "timestamp": "2023-07-13T11:37:25.688Z"}}, {"model": "home.notification", "pk": 39, "fields": {"recipient": 4, "message": "Your issued book 'Educated' is due soon. Please return it by 01-07-2023.", "timestamp": "2023-07-13T11:37:25.717Z"}}, {"model": "home.notification", "pk": 40, "fields": {"recipient": 5, "message": "Your issued book 'Booth' is due soon. Please return it by 20-06-2023.", "timestamp": "2023-07-13T11:39:45.319Z"}}, {"model": "home.notification", "pk": 41, "fields": {"recipient": 13, "message": "Your issued book 'Educated' is due soon. Please return it by 01-07-2023.", "timestamp": "2023-07-13T11:39:45.347Z"}}, {"model": "home.notification", "pk": 42, "fields": {"recipient": 4, "message": "Your issued book 'Educated' is due soon. Please return it by 01-07-2023.", "timestamp": "2023-07-13T11:39:45.375Z"}}, {"model": "home.notification", "pk": 43, "fields": {"recipient": 5, "message": "Your issued book 'Booth' is due soon. Please return it by 20-06-2023.", "timestamp": "2023-07-13T11:49:20.941Z"}}, {"model": "home.notification", "pk": 44, "fields": {"recipient": 13, "message": "Your issued book 'Educated' is due soon. Please return it by 01-07-2023.", "timestamp": "2023-07-13T11:49:20.962Z"}}, {"model": "home.notification", "pk": 45, "fields": {"recipient": 4, "message": "Your issued book 'Educated' is due soon. Please return it by 01-07-2023.", "timestamp": "2023-07-13T11:49:20.978Z"}}, {"model": "home.notification", "pk": 46, "fields": {"recipient": 5, "message": "Your issued book 'Booth' is due soon. Please return it by 20-06-2023.", "timestamp": "2023-07-13T11:50:35.290Z"}}, {"model": "home.notification", "pk": 47, "fields": {"recipient": 13, "message": "Your issued book 'Educated' is due soon. Please return it by 01-07-2023.", "timestamp": "2023-07-13T11:50:35.323Z"}}, {"model": "home.notification", "pk": 48, "fields": {"recipient": 4, "message": "Your issued book 'Educated' is due soon. Please return it by 01-07-2023.", "timestamp": "2023-07-13T11:50:35.351Z"}}, {"model": "home.notification", "pk": 49, "fields": {"recipient": 5, "message": "Your issued book 'Booth' is due soon. Please return it by 20-06-2023.", "timestamp": "2023-07-13T11:51:20.786Z"}}, {"model": "home.notification", "pk": 50, "fields": {"recipient": 13, "message": "Your issued book 'Educated' is due soon. Please return it by 01-07-2023.", "timestamp": "2023-07-13T11:51:20.798Z"}}, {"model": "home.notification", "pk": 51, "fields": {"recipient": 4, "message": "Your issued book 'Educated' is due soon. Please return it by 01-07-2023.", "timestamp": "2023-07-13T11:51:20.809Z"}}, {"model": "home.notification", "pk": 52, "fields": {"recipient": 5, "message": "Your issued book 'Booth' is due soon. Please return it by 20-06-2023.", "timestamp": "2023-07-13T11:54:39.121Z"}}, {"model": "home.notification", "pk": 53, "fields": {"recipient": 13, "message": "Your issued book 'Educated' is due soon. Please return it by 01-07-2023.", "timestamp": "2023-07-13T11:54:39.154Z"}}, {"model": "home.notification", "pk": 54, "fields": {"recipient": 4, "message": "Your issued book 'Educated' is due soon. Please return it by 01-07-2023.", "timestamp": "2023-07-13T11:54:39.185Z"}}, {"model": "home.notification", "pk": 55, "fields": {"recipient": 5, "message": "Your issued book 'Booth' is due soon. Please return it by 20-06-2023.", "timestamp": "2023-07-13T11:59:43.789Z"}}, {"model": "home.notification", "pk": 56, "fields": {"recipient": 13, "message": "Your issued book 'Educated' is due soon. Please return it by 01-07-2023.", "timestamp": "2023-07-13T11:59:43.822Z"}}, {"model": "home.notification", "pk": 57, "fields": {"recipient": 4, "message": "Your issued book 'Educated' is due soon. Please return it by 01-07-2023.", "timestamp": "2023-07-13T11:59:43.852Z"}}, {"model": "home.notification", "pk": 58, "fields": {"recipient": 5, "message": "Your issued book 'Booth' is due soon. Please return it by 20-06-2023.", "timestamp": "2023-07-13T11:59:46.214Z"}}, {"model": "home.notification", "pk": 59, "fields": {"recipient": 13, "message": "Your issued book 'Educated' is due soon. Please return it by 01-07-2023.", "timestamp": "2023-07-13T11:59:46.249Z"}}, {"model": "home.notification", "pk": 60, "fields": {"recipient": 4, "message": "Your issued book 'Educated' is due soon. Please return it by 01-07-2023.", "timestamp": "2023-07-13T11:59:46.278Z"}}, {"model": "home.notification", "pk": 61, "fields": {"recipient": 5, "message": "Your issued book 'Booth' is due soon. Please return it by 20-06-2023.", "timestamp": "2023-07-13T12:01:24.591Z"}}, {"model": "home.notification", "pk": 62, "fields": {"recipient": 13, "message": "Your issued book 'Educated' is due soon. Please return it by 01-07-2023.", "timestamp": "2023-07-13T12:01:24.635Z"}}, {"model": "home.notification", "pk": 63, "fields": {"recipient": 4, "message": "Your issued book 'Educated' is due soon. Please return it by 01-07-2023.", "timestamp": "2023-07-13T12:01:24.662Z"}}, {"model": "home.notification", "pk": 64, "fields": {"recipient": 5, "message": "Your issued book 'Booth' is due soon. Please return it by 20-06-2023.", "timestamp": "2023-07-13T12:01:27.344Z"}}, {"model": "home.notification", "pk": 65, "fields": {"recipient": 13, "message": "Your issued book 'Educated' is due soon. Please return it by 01-07-2023.", "timestamp": "2023-07-13T12:01:27.362Z"}}, {"model": "home.notification", "pk": 66, "fields": {"recipient": 4, "message": "Your issued book 'Educated' is due soon. Please return it by 01-07-2023.", "timestamp": "2023-07-13T12:01:27.373Z"}}, {"model": "home.notification", "pk": 67, "fields": {"recipient": 5, "message": "Your issued book 'Booth' is due soon. Please return it by 20-06-2023.", "timestamp": "2023-07-13T12:03:28.351Z"}}, {"model": "home.notification", "pk": 68, "fields": {"recipient": 13, "message": "Your issued book 'Educated' is due soon. Please return it by 01-07-2023.", "timestamp": "2023-07-13T12:03:28.392Z"}}, {"model": "home.notification", "pk": 69, "fields": {"recipient": 4, "message": "Your issued book 'Educated' is due soon. Please return it by 01-07-2023.", "timestamp": "2023-07-13T12:03:28.412Z"}}, {"model": "home.notification", "pk": 70, "fields": {"recipient": 5, "message": "Your issued book 'Booth' is due soon. Please return it by 20-06-2023.", "timestamp": "2023-07-13T12:03:31.153Z"}}, {"model": "home.notification", "pk": 71, "fields": {"recipient": 13, "message": "Your issued book 'Educated' is due soon. Please return it by 01-07-2023.", "timestamp": "2023-07-13T12:03:31.171Z"}}, {"model": "home.notification", "pk": 72, "fields": {"recipient": 4, "message": "Your issued book 'Educated' is due soon. Please return it by 01-07-2023.", "timestamp": "2023-07-13T12:03:31.180Z"}}, {"model": "home.notification", "pk": 73, "fields": {"recipient": 5, "message": "Your issued book 'Booth' is due soon. Please return it by 20-06-2023.", "timestamp": "2023-07-13T12:03:31.805Z"}}, {"model": "home.notification", "pk": 74, "fields": {"recipient": 13, "message": "Your issued book 'Educated' is due soon. Please return it by 01-07-2023.", "timestamp": "2023-07-13T12:03:31.826Z"}}, {"model": "home.notification", "pk": 75, "fields": {"recipient": 4, "message": "Your issued book 'Educated' is due soon. Please return it by 01-07-2023.", "timestamp": "2023-07-13T12:03:31.838Z"}}, {"model": "home.notification", "pk": 76, "fields": {"recipient": 5, "message": "Your issued book 'Booth' is due soon. Please return it by 20-06-2023.", "timestamp": "2023-07-13T12:04:16.814Z"}}, {"model": "home.notification", "pk": 77, "fields": {"recipient": 13, "message": "Your issued book 'Educated' is due soon. Please return it by 01-07-2023.", "timestamp": "2023-07-13T12:04:16.836Z"}}, {"model": "home.notification", "pk": 78, "fields": {"recipient": 4, "message": "Your issued book 'Educated' is due soon. Please return it by 01-07-2023.", "timestamp": "2023-07-13T12:04:16.865Z"}}, {"model": "home.notification", "pk": 79, "fields": {"recipient": 5, "message": "Your issued book 'Booth' is due soon. Please return it by 20-06-2023.", "timestamp": "2023-07-13T12:07:12.279Z"}}, {"model": "home.notification", "pk": 80, "fields": {"recipient": 13, "message": "Your issued book 'Educated' is due soon. Please return it by 01-07-2023.", "timestamp": "2023-07-13T12:07:12.311Z"}}, {"model": "home.notification", "pk": 81, "fields": {"recipient": 4, "message": "Your issued book 'Educated' is due soon. Please return it by 01-07-2023.", "timestamp": "2023-07-13T12:07:12.344Z"}}, {"model": "home.notification", "pk": 82, "fields": {"recipient": 5, "message": "Your issued book 'Booth' is due soon. Please return it by 20-06-2023.", "timestamp": "2023-07-13T12:07:17.325Z"}}, {"model": "home.notification", "pk": 83, "fields": {"recipient": 13, "message": "Your issued book 'Educated' is due soon. Please return it by 01-07-2023.", "timestamp": "2023-07-13T12:07:17.365Z"}}, {"model": "home.notification", "pk": 84, "fields": {"recipient": 4, "message": "Your issued book 'Educated' is due soon. Please return it by 01-07-2023.", "timestamp": "2023-07-13T12:07:17.396Z"}}, {"model": "home.notification", "pk": 85, "fields": {"recipient": 5, "message": "Your issued book 'Booth' is due soon. Please return it by 20-06-2023.", "timestamp": "2023-07-13T12:12:15.334Z"}}, {"model": "home.notification", "pk": 86, "fields": {"recipient": 13, "message": "Your issued book 'Educated' is due soon. Please return it by 01-07-2023.", "timestamp": "2023-07-13T12:12:15.379Z"}}, {"model": "home.notification", "pk": 87, "fields": {"recipient": 4, "message": "Your issued book 'Educated' is due soon. Please return it by 01-07-2023.", "timestamp": "2023-07-13T12:12:15.404Z"}}, {"model": "home.notification", "pk": 88, "fields": {"recipient": 5, "message": "Your issued book 'Booth' is due soon. Please return it by 20-06-2023.", "timestamp": "2023-07-13T12:12:17.796Z"}}, {"model": "home.notification", "pk": 89, "fields": {"recipient": 13, "message": "Your issued book 'Educated' is due soon. Please return it by 01-07-2023.", "timestamp": "2023-07-13T12:12:17.831Z"}}, {"model": "home.notification", "pk": 90, "fields": {"recipient": 4, "message": "Your issued book 'Educated' is due soon. Please return it by 01-07-2023.", "timestamp": "2023-07-13T12:12:17.869Z"}}, {"model": "home.notification", "pk": 91, "fields": {"recipient": 5, "message": "Your issued book 'Booth' is due soon. Please return it by 20-06-2023.", "timestamp": "2023-07-13T12:12:18.555Z"}}, {"model": "home.notification", "pk": 92, "fields": {"recipient": 13, "message": "Your issued book 'Educated' is due soon. Please return it by 01-07-2023.", "timestamp": "2023-07-13T12:12:18.578Z"}}, {"model": "home.notification", "pk": 93, "fields": {"recipient": 4, "message": "Your issued book 'Educated' is due soon. Please return it by 01-07-2023.", "timestamp": "2023-07-13T12:12:18.595Z"}}, {"model": "home.notification", "pk": 94, "fields": {"recipient": 5, "message": "Your issued book 'Booth' is due soon. Please return it by 20-06-2023.", "timestamp": "2023-07-13T12:18:46.972Z"}}, {"model": "home.notification", "pk": 95, "fields": {"recipient": 13, "message": "Your issued book 'Educated' is due soon. Please return it by 01-07-2023.", "timestamp": "2023-07-13T12:18:46.993Z"}}, {"model": "home.notification", "pk": 96, "fields": {"recipient": 4, "message": "Your issued book 'Educated' is due soon. Please return it by 01-07-2023.", "timestamp": "2023-07-13T12:18:47.027Z"}}, {"model": "home.notification", "pk": 97, "fields": {"recipient": 5, "message": "Your issued book 'Booth' is due soon. Please return it by 20-06-2023.", "timestamp": "2023-07-13T12:18:50.780Z"}}, {"model": "home.notification", "pk": 98, "fields": {"recipient": 13, "message": "Your issued book 'Educated' is due soon. Please return it by 01-07-2023.", "timestamp": "2023-07-13T12:18:50.807Z"}}, {"model": "home.notification", "pk": 99, "fields": {"recipient": 4, "message": "Your issued book 'Educated' is due soon. Please return it by 01-07-2023.", "timestamp": "2023-07-13T12:18:50.834Z"}}, {"model": "home.notification", "pk": 100, "fields": {"recipient": 5, "message": "Your issued book 'Booth' is due soon. Please return it by 20-06-2023.", "timestamp": "2023-07-13T12:35:02.292Z"}}, {"model": "home.notification", "pk": 101, "fields": {"recipient": 13, "message": "Your issued book 'Educated' is due soon. Please return it by 01-07-2023.", "timestamp": "2023-07-13T12:35:02.324Z"}}, {"model": "home.notification", "pk": 102, "fields": {"recipient": 4, "message": "Your issued book 'Educated' is due soon. Please return it by 01-07-2023.", "timestamp": "2023-07-13T12:35:02.344Z"}}, {"model": "home.notification", "pk": 103, "fields": {"recipient": 5, "message": "Your issued book 'Booth' is due soon. Please return it by 20-06-2023.", "timestamp": "2023-07-13T12:35:17.495Z"}}, {"model": "home.notification", "pk": 104, "fields": {"recipient": 13, "message": "Your issued book 'Educated' is due soon. Please return it by 01-07-2023.", "timestamp": "2023-07-13T12:35:17.528Z"}}, {"model": "home.notification", "pk": 105, "fields": {"recipient": 4, "message": "Your issued book 'Educated' is due soon. Please return it by 01-07-2023.", "timestamp": "2023-07-13T12:35:17.548Z"}}, {"model": "home.notification", "pk": 106, "fields": {"recipient": 5, "message": "Your issued book 'Booth' is due soon. Please return it by 20-06-2023.", "timestamp": "2023-07-13T13:14:07.121Z"}}, {"model": "home.notification", "pk": 107, "fields": {"recipient": 13, "message": "Your issued book 'Educated' is due soon. Please return it by 01-07-2023.", "timestamp": "2023-07-13T13:14:07.139Z"}}, {"model": "home.notification", "pk": 108, "fields": {"recipient": 4, "message": "Your issued book 'Educated' is due soon. Please return it by 01-07-2023.", "timestamp": "2023-07-13T13:14:07.166Z"}}, {"model": "home.notification", "pk": 109, "fields": {"recipient": 5, "message": "Your issued book 'Booth' is due soon. Please return it by 20-06-2023.", "timestamp": "2023-07-13T13:14:09.343Z"}}, {"model": "home.notification", "pk": 110, "fields": {"recipient": 13, "message": "Your issued book 'Educated' is due soon. Please return it by 01-07-2023.", "timestamp": "2023-07-13T13:14:09.370Z"}}, {"model": "home.notification", "pk": 111, "fields": {"recipient": 4, "message": "Your issued book 'Educated' is due soon. Please return it by 01-07-2023.", "timestamp": "2023-07-13T13:14:09.397Z"}}, {"model": "home.notification", "pk": 112, "fields": {"recipient": 5, "message": "Your issued book 'Booth' is due soon. Please return it by 20-06-2023.", "timestamp": "2023-07-13T13:42:22.689Z"}}, {"model": "home.notification", "pk": 113, "fields": {"recipient": 13, "message": "Your issued book 'Educated' is due soon. Please return it by 01-07-2023.", "timestamp": "2023-07-13T13:42:22.716Z"}}, {"model": "home.notification", "pk": 114, "fields": {"recipient": 4, "message": "Your issued book 'Educated' is due soon. Please return it by 01-07-2023.", "timestamp": "2023-07-13T13:42:22.745Z"}}, {"model": "home.notification", "pk": 115, "fields": {"recipient": 5, "message": "Your issued book 'Booth' is due soon. Please return it by 20-06-2023.", "timestamp": "2023-07-18T09:58:48.654Z"}}, {"model": "home.notification", "pk": 116, "fields": {"recipient": 13, "message": "Your issued book 'Educated' is due soon. Please return it by 01-07-2023.", "timestamp": "2023-07-18T09:58:48.665Z"}}, {"model": "home.notification", "pk": 117, "fields": {"recipient": 4, "message": "Your issued book 'Educated' is due soon. Please return it by 01-07-2023.", "timestamp": "2023-07-18T09:58:48.675Z"}}, {"model": "home.notification", "pk": 118, "fields": {"recipient": 5, "message": "Your issued book 'Booth' is due soon. Please return it by 20-06-2023.", "timestamp": "2023-07-18T09:58:59.639Z"}}, {"model": "home.notification", "pk": 119, "fields": {"recipient": 13, "message": "Your issued book 'Educated' is due soon. Please return it by 01-07-2023.", "timestamp": "2023-07-18T09:58:59.651Z"}}, {"model": "home.notification", "pk": 120, "fields": {"recipient": 4, "message": "Your issued book 'Educated' is due soon. Please return it by 01-07-2023.", "timestamp": "2023-07-18T09:58:59.661Z"}}]